customer_text,support_text,customer_id,customer_tweet_id,support_tweet_id,intent,annotation_notes
@AppleSupport Pandora usually but it happens even when I’m not using any apps just on the home screen,@337320 We are here to help out. Using any specific apps when this happens? What do you need to do to get it working right again?,337320,915239,915238,,
@AppleSupport 8K+ people are as frustrated as I am. 1+ year ago you had this feature! And now it's gone! Why? How? Will it come back? https://t.co/wWyt36I8lC,@233063 Hello there. What type of device are you viewing your photos in the iCloud on? Let us know and we'll check your options to make this as convenient as possible.,233063,495110,495109,,
@AppleSupport When I️ type “I️” its changed to this https://t.co/a3ucGsMjEl,@503855 We'd like to help. Can you tell us in detail what is going on exactly?,503855,1649513,1649512,,
"@AppleSupport Since I've updated to High Sierra, I've a problem converting my videos with Quick Time, the output format does not respect the ratios and the video is not good... Do you know this issue ?",@267166 We offer support via Twitter in English. Contact us for help in your preferred language here: https://t.co/IBIY3vMgPj,267166,620055,620056,,
@AppleSupport When can we expect WatchOS 4.1 release?,"Play the music you love, right from your Apple Watch. Here's how to add playlists and albums in watchOS 4
Learn more https://t.co/AT5kfmYtDh https://t.co/IiLTio7CoA",300796,756459,756460,,
@AppleSupport Thanks! 11.1.2,@181748 We'd be happy to have a look at it. Which version of iOS do you have installed on your iPhone 7. Look in Settings &gt; General &gt; About.,181748,639722,639721,,
"@AppleSupport Understood. None of the update description seemed to address my issues, so I didn't. I will now. It can't get worse. Workable mail is key.","@130461 We've released iOS 11.0.3, we'd recommend backing up and updating to the latest patch. Let us know if the issue persists.",130461,1225233,1225232,,
@AppleSupport My phone keeps skipping all music,"@524110 Let’s work together to get everything working as expected again. To start, can you tell us a bit about what is happening?",524110,1735928,1735926,,
@AppleSupport Yeah I could send photos and videos on iMessage on my Mac book to the iPhone it recently happened once I updated to high Sierra,"@182282 Are you able to use this feature in the past? If yes, when did you start to experience this issue?",182282,277467,277468,,
@AppleSupport I like this,"@352118 Thanks for reaching out. We have a workaround for this here: https://t.co/xXaXeeSRt9 

DM us if you still need help. https://t.co/GDrqU22YpT",352118,978732,978731,,
"@AppleSupport Podcasts will stop out of nowhere, and my music will start playing.",@454037 Please tell us what's going on with your iPhone. We're anxious to help get things resolved.,454037,1439365,1439364,,
@AppleSupport It’s called Johns IPhone (IPhone X),"@265326 Hey there. Let us know which device you need to remove your saved cards from, and we'll help get this taken care of.",265326,2940362,2940361,,
"@AppleSupport fine @AppleSupport , I can write it in english. Where will you give us solutions with the iOS 11 battery problems/issues? Thanxx. Rly angry😠",@402592 We offer support via Twitter in English. Get help in Spanish here: https://t.co/IBIY3vMgPj or join https://t.co/OczyRx7IOs,402592,1202865,1202864,,
@AppleSupport For example the app (Fing) not found good. In this link you have more information about the problem.  Please fix this on next update of iOS. https://t.co/7KWOgoAjzF,@262398 We're happy that you reached out to us about this. We'll provide as much information as we can. Which network scanner are you referring to? We want to be sure we are on the same page.,262398,600420,600418,,
@AppleSupport Ok sure 👌,@539364 We have released 11.1. Make sure you have a backup and then go ahead and get your iPhone updated: https://t.co/80YRnjDFDk,539364,1974117,1974118,,
@AppleSupport But why are the bookmarks in folders now descending instead of ascending?,"@127861 We can help. Check out this article for help with managing bookmarks: https://t.co/lI2oBISCEq
If you have questions? DM us. https://t.co/GDrqU22YpT",127861,1981340,1981341,,
@AppleSupport @68108,@650628 Here’s what you can do to work around the issue until it’s fixed in a future software update: https://t.co/xXaXeeSRt9,650628,2229480,2229479,,
@AppleSupport I can not download FaceTime App sice I downloaded its disappear,@221215 What seems to be the issue?,221215,448352,448353,,
@AppleSupport For all notifications,@781515 We are sorry to hear that. Let's start isolating the issue. Has the vibrate feature stopped working for all notifications or only for specific ones?,781515,2801463,2801464,,
"@AppleSupport An IPhone 7 Plus and the latest prior to the new ios 11. With WiFi, searching/playing/downloading it doesn't load and with 4G it does.",@513263 We're here for you. Which Apple device and software version are you using? What happens when you try to play Apple Music on Wi-Fi?,513263,1690634,1690633,,
@AppleSupport Maybe you didn’t see my follow up comment... phone support and chat support are not answering due to “high volume”,@434040 Thanks for reaching out to us. We recommend reaching out to our Online Store here: https://t.co/8yjRd1Xo0i,434040,1346686,1346685,,
@AppleSupport Every time I️ type the word “I️” it pops up as a question mark so...I’m not sure what you guys need to do,@475691 We'd like to help. What issues have you experienced with iOS 11.1?,475691,1533860,1533861,,
"@AppleSupport El iOS 11.0.3 en mi iPhone 6s funciona muy mal , estoy absolutamente disgustado , el teléfono funciona con retardo y poca fluidez","Keep your eyes on the road, not on your #iPhone. Use Do Not Disturb While Driving to limit notifications. https://t.co/CQfnicS7WD",362822,1025684,1025630,,
@AppleSupport Yes it's plugged in turned on and says it's charging but the percentage keeps dropping it's the one I got with my phone I've only just opened it as my old one broke.,"@776612 We'd be happy to look into this with you. Just to be sure we understand, your iPhone battery percentage is dropping when connected to the charger, is that right? If so, are you using an Apple charger and power adapter?",776612,2780654,2780653,,
@AppleSupport Yes. I finally did,@476008 Thanks for reaching out. We appreciate your patience in getting your iPhone activated. Have you been able to get it activated?,476008,1535000,1534999,,
@AppleSupport That’s the same link you provided in your original response. 0 help Apple. Am I communicating with a Human or AI account?,"@692102 We understand for sure. If you still need help with your Apple ID, we'd recommend contacting our support team. Try out this link for help:  https://t.co/UJm15vmMM2",692102,2406531,2406530,,
@AppleSupport 11.0.3. Up to date,@702383 We'd love to help. What iOS version are you on?,702383,2450931,2450930,,
@AppleSupport Or you can fix the issue ASAP,@223046 Here’s what you can do to work around the issue until it’s fixed in a future software update: https://t.co/xXaXeeSRt9,223046,1746813,1746812,,
@AppleSupport My friend also put superglue because he thought it would help the screen stay put and now the power button is stuck,@340957 We'd be happy to address any issues that you're having. Could you please let us know what's going on?,340957,931413,931409,,
@AppleSupport Thank you! I appreciate it,"@484711 Hey there, check out this article for assistance: https://t.co/xU1AGIa4ME https://t.co/GDrqU2kzhr",484711,1572343,1572342,,
"@AppleSupport @276116 Wait till ur iphone x stuck on the 🍏 , then u will ❤️ ur 📱 x ,, u’ll feel like shit","@276116 We want you to love your new iPhone X! Let's work together in DM, and we'll partner to find a solution. https://t.co/GDrqU22YpT",276122,656229,656221,,
"@AppleSupport Just did a soft reset on my phone, still no luck. I signed into Game Center earlier today with no issues.",@807883 Does this still happen once restarting your device?,807883,2918861,2918860,,
"@AppleSupport Yes, several times. This happened in both iOS 11.0.1 and 11.0.2","@3922 Got it, thanks!  Has your iPhone been restarted yet?  If not, please do so.",3922,333607,333606,,
"@AppleSupport The home button in my #iphone7 stopped working, they said it is a hardware failure. Tomorrow I’ll know the reason.",@614581 We definitely want to make sure you are taken care of. We are here to help. DM us if you still need any assistance: https://t.co/GDrqU22YpT,614581,2077995,2077994,,
@AppleSupport As you can see from the send word in the above tweet,@334308 We're happy to help! Please tell us what's going on with your keyboard and we'll get started.,334308,902785,902784,,
"@AppleSupport Thanks, but I couldn’t see specific sellers listed under this whoever are sellers in Flipkart, whereas @118702 is listed as authorized online partner. Isn’t this confusing?? 😳 @115858 is it that tough to find out an authorized online partner to buy an iPhone in India??",@253573 We're happy to help. You can find Authorized Resellers here: https://t.co/94mhpwW7GS,253573,569244,569243,,
@AppleSupport @172388 WHY HAS NO ONE REPLIED TO ME??? Helllooooooo???,@172388 Definitely not what we want you to experience. We'd love to help resolve any issues. Please DM us to proceed. https://t.co/GDrqU22YpT,362821,1883063,1883061,,
"@AppleSupport Yes, both! I'm not getting an error, it just doesn't download. Every once in a while it will ask me to log into itunes again and verify with fingerprint,but then it just thinks forever and nothing happens until it asks me again","@587296 We'd be happy to help. Have you tried restarting your device or using Wi-Fi? If you are receiving an error, what error are you getting?",587296,2410137,2410136,,
"@AppleSupport Thanks. If experiencing regular drops, is this likely an issue with the ATV box or the app being cast?",@683386 We can help with that. Using an Apple TV is the only method that we're able to support at this time. Full info on AirPlay is here: https://t.co/ZSKtNslWr5,683386,2367789,2367788,,
@AppleSupport Settings - wi-fi sync:,"@251469 Sorry to hear you're having issues! What happens, exactly, whenever you try to sync your devices?",251469,561818,561816,,
@AppleSupport I wrote you to Direct messages,@165259 We'd be happy to see how we can help. What's going on with your iPad?,165259,296795,296794,,
@AppleSupport The most recent update available. And no.,@718416 We'd like to look into this with you. Could you tell us which version of iOS you're running now? Are you subscribed to the Apple Music service?,718416,2522549,2522548,,
"@AppleSupport ;) “willing to look into it”, as if you are doing me a favor? I highlighted an error on ‘ur’ site!","@386794 We're willing to help look into this. However, we'll need to discuss this further in DM to continue. You can start a DM here: https://t.co/GDrqU22YpT",386794,1132195,1132194,,
@AppleSupport i have restarted it and it happens randomly. i’ll unlock my phone and it’ll freeze. can’t restart it once it’s frozen.,@348211 We want to help. Does this happen while using specific applications or features? Have you tried restarting your iPhone yet?,348211,961734,961735,,
@AppleSupport The error of “this device is not supported” comes up when prior to the latest update this was not an issue,"@516259 Are you seeing any errors when plugging in your device, or does it seem like it's not recognizing the cable?",516259,1702918,1702919,,
"@AppleSupport I’m following the steps for iPhone X, it was previously working with right button and volume up, but quit working as of iOS 11.1.1 update.",@684180 We can help! Taking a screenshot on an iPhone X is just a little bit different than you may be used to. Give the steps in the following article a try: https://t.co/iQkc2ZuaLN and let us know if that worked.,684180,2371078,2371079,,
@AppleSupport Solved. Thank you so much! 💪🏻,@399294 Thanks for reaching out. Let's work to get you signed in. Go ahead and reach out to us in DM &amp; we'll get started. https://t.co/GDrqU22YpT,399294,1187743,1187744,,
@AppleSupport I’m going to DM you,@700037 Thanks for reaching out. We'd like to know more to assist. Is Siri stating there is an issue connecting to the network or are you unable to access the feature at all? Confirm the details as well as the iPhone model and iOS this occurs on and we'll take it from there.,700037,2440904,2440903,,
"@AppleSupport @505502 “Hey, literally just be grammatically incorrect in every post you make because we don’t actually know how to fix it” 🤷🏽‍♀️",@505502 Here’s what you can do to work around the issue until it’s fixed in a future software update: https://t.co/xXaXeeSRt9,505503,1656593,1656591,,
"@AppleSupport I recorded a 2 minute video, about half way the audio cut out",@231135 We'd love to help. What sort of behavior are you seeing when you try?,231135,1221923,1221922,,
@AppleSupport It was working just fine and out of the sudden it went in the loop. Had to re-install the IOS via iTunes,"@716991 We know it's essential to have your iPhone functioning, especially while you're working and need to get those phone calls about possible flights. Does force restarting help at all? Also, did anything happened before your iPhone started the reboot loop?",716991,2517012,2517011,,
"@AppleSupport No I’ve had it over a year, just randomly stopped sending iMessages and when I went to settings I saw that message",@357247 You came to the right place. Let's get you back to sending messages. Is this a new iPhone you are activating iMessage on?,357247,1002250,1002249,,
@AppleSupport @479452 Thank God I almost snapped my phone,@479452 We'd like to see how we can help. Try the steps in this article: https://t.co/xU1AGHStV6,479453,1548827,1548826,,
@AppleSupport iPhone 6s. And I know other people who have recently started having this problem also but idk their iphone models,@438794 That is certainly not the experience we want you to have. Which iPhone model are you using?,438794,1369581,1369580,,
"@AppleSupport It seems to have resolved on its own! Not sure what happened, but the time/date is back on my lock screen. Thank you for your response.",@550818 Let's look into this lock screen issue for you. Does this issue persist after restarting your device? Let us know in DM. https://t.co/GDrqU22YpT,550818,1837267,1837266,,
@AppleSupport Thanks for the quick response my update was just taking forever but it's good now 👍🏽,@660536 What kind of issues are you having? We'd be happy to help.,660536,2270008,2270007,,
"@AppleSupport As an iphone 5 - you can imagine I've had this for a while, so Imessge was something that was well-traveled on this phone. :)",@679977 We'd love to assist you. Can you tell us what the activation error is you are receiving?,679977,2375286,2375287,,
@AppleSupport It is set to do that. I thought maybe there was something special about this one. Quite a powerful statement.,@819839 We want to help. You can set your App Store preferences to ”Download newly available updates in the background.” Read more here: https://t.co/0Ay5pbUFav,819839,2972483,2972482,,
@AppleSupport the other option that i did is itunes&amp;app store-apple id-view apple id-sign in-payment info-then dead end theres no option to select none,"@813656 Are you referring to the payment information attached to your Apple ID, saved in your iCloud Keychain in Safari, or through Apple Pay?",813656,2945673,2945672,,
"@AppleSupport Hi it’s stopped doing it now, thank you though, I don’t know why it was doing it 😊","@177698 Let's help get this resolved. If you switch to a different Wi-Fi connection, does the behavior persist?",177698,259439,259438,,
@AppleSupport But thank you for offering.,@429397 We know how much your device means to you and would like to get it back in working order. Please join us in DM. https://t.co/GDrqU22YpT,429397,1325990,1325989,,
@AppleSupport Several people on Twitter are reporting this problem,@587876 We're happy to look into this with you. What happens when you attempt to visit iTunes Connect? Is there an error message?,587876,2191167,2191166,,
@AppleSupport @197183 “Bruh my shits fucked” -@197183 (my mans can’t even respond from his phone),"@197183 We want to help out. What's going on, exactly?",197184,339944,339943,,
@AppleSupport iOS 11.1.2 and 7plus,"@792307 We understand that your iPhone running slowly can be a challenge and we'd love to help!  Please tell us which iPhone you have, which iOS version you're using and more info on the issues you're experiencing.",792307,2849165,2849164,,
"@AppleSupport Yes, it doesn’t change anything. Still excessive usage.","@325681 We're happy to help! Do you have iCloud Photo Library enabled? If so, try optimizing storage: https://t.co/8YUslsnsM5",325681,866236,866235,,
@AppleSupport @201778 My point exactly how many 6 versions have died or crashed- 5 in my circle,@201778 That's never our intention or the experience we want you to have. Can you tell us about where you're seeing the slowness?,201779,362097,362096,,
@AppleSupport Thank you dickheads,"@126790 An update has been released to assist with this issue. If you haven’t yet, please back up your device and update it to iOS 11.1.1. For more info, check out: https://t.co/4f8hwT5to6",126790,2282713,2282711,,
"@AppleSupport It looks trash. Extremely unorganised. I’ve switched to Pocket Casts, much better.",@546811 We want you to be able to listen you your podcasts. What exactly is going on with your app? Continue with details in DM. https://t.co/GDrqU22YpT,546811,1821389,1821388,,
"@AppleSupport @116333 @AppleSupport Only thing I asked 2 weeks ago was a good box packed replacement and you did not listen afterwards. Now you’re back to say you want to help
Seems to me you have received legal notice from court. There is still time for replacement if you are really willing","@244623 Thank you for your time and patience. Again, we're happy to do anything we can to help. DM us and we can go from there. https://t.co/GDrqU22YpT",244623,537638,537636,,
@AppleSupport I think the ios11.0.2 has not been compatible with my network provider EE. This happened when I updated software today!,"@217163 We know how important it is to be able to make &amp; receive calls, and we want to help. What happens when you try to make a call?",217163,429556,429555,,
@AppleSupport Ok. Thanks. Let me try out some of the tips and I will let you know,"@186444 We're happy to help. Try these tips for battery life, and let us know if you still have an issue: https://t.co/TpjqFp3jxD",186444,295771,295770,,
@AppleSupport The latest 1 fam,"@776918 That's not what we'd expect to happen. Let's meet up in DM to check this out together. 

What iOS version shows in Settings &gt; General &gt; About? https://t.co/GDrqU22YpT",776918,2782025,2782024,,
@AppleSupport Literally it is a horrible user experience and awful UI.,"@216256 What issues have you noticed with Podcasts? DM us with details using the link below, and we'll see how we can help. https://t.co/GDrqU2kzhr",216256,1489526,1489527,,
@AppleSupport thank you… I did one more yesterday and it seems 🤞 to be working a bit better…,"@692163 We're here to help! Let us know the type of MacBook you have and the version of macOS Sierra currently installed, then we can work with you on this from there.",692163,2406750,2406749,,
@AppleSupport Would you consider this normal? Or placed in a poor quality vertical stand? https://t.co/AjBsX3K2Mn,"@458607 They're correct; it isn't designed to be used that way.  But with a well made stand, it should not harm your Mac.",458607,2587382,2587381,,
"@AppleSupport Thanks for your response. However, I have been to that page countless times with no success. Is there an agent in customer support that I can speak to on the phone?",@510674 Let's get you in touch with an Apple ID Account Security Advisor for further assistance at: https://t.co/UJm15vmMM2,510674,1679168,1679167,,
@AppleSupport Everything Is Up To Date,"@791931 Thanks for clarifying. 

After an update, there are often apps that also need to be updated to the latest version. In the App Store, do you have any updates to install? If so, go ahead and do so. Let us know if any updates were needed.",791931,2847505,2847504,,
@AppleSupport A month or 2,"@204728 We'd like to help.  Which device are you using and how long ago did you notice the battery issue, please?",204728,374233,374234,,
@AppleSupport UK English,@173312 Thanks for reaching out. May we ask which language keyboard you currently have?,173312,241400,241402,,
@AppleSupport I have used every possible way both manually and Using the control center.My Wifi security is WPA is that an issue?,@546009 Are you using the Control Center to connect to Wi-Fi? Learn more about how the newly designed Control Center works in iOS 11: https://t.co/G7BHuQnDS6,546009,2472870,2472869,,
@AppleSupport Yes it is,@172874 Can you tell us if the iPhone is up to date at this time? We released 11.0.2.,172874,239370,239369,,
@AppleSupport It just kept popping up every time I locked my phone for a few hours. It randomly stopped now tho. On a side note when I play music/podcasts/Spotify the lock screen is usually showing the wrong app (e.g. I’m playing a podcast. Lock screen shows Spotify playing 🤷🏽‍♂️),"@230271 That certainly isn't expected behavior. Let's work towards getting that resolved. Does this happen consistently or just once? Have you restarted your iPhone, and if so, does the keyboard disappear afterwards?",230271,484424,484423,,
@AppleSupport My problem still exist Mr/Ms Apple representative! 😥,@258971 We're happy to help. Which software version are you using on your device? You can find that under Settings &gt; General &gt; About.,258971,588084,588085,,
@AppleSupport My ipad is supposed to get unlocked in 2 days. My id is __email__. why is it taking so much time.want explanation,@710681 We want to help. Let us know more detail in DM and we'll continue there. https://t.co/GDrqU22YpT,710681,2488570,2488569,,
@AppleSupport I have updated to 11.0.2. I have been religiously updating apps but it feels like even when not in apps it’s hanging and freezing with reset,"@184518 Let us help out. Tell us which version of iOS 11 in Settings &gt; General &gt; About. Also, are there any App Store updates available?",184518,287504,287503,,
@AppleSupport Thanks but no thanks. Im just gonna run this thing until it quits and then get @122986 Pixel or a  @125607 Galaxy.,@209362 We're here to help. Please DM us via the following link and we'll help you further. https://t.co/GDrqU22YpT,209362,394079,394078,,
@AppleSupport I've tried both ways. And I have an iPhone 6s+,"@409893 Are you updating over-the-air or via iTunes on a computer? Also, what kind of iPhone do you have?",409893,1235994,1235993,,
@AppleSupport Ive done this about 2 million times and it’s still acting up,"@213993 In iOS 11, you can turn auto-brightness on or off in Settings &gt; General &gt; Accessibility &gt; Display Accommodations.",213993,415152,415151,,
"@AppleSupport It restarts itself like twice a day, my battery goes down soooo fast, it turns off without me doing so and doesn't come back on, I've done every restarting process I could",@629584 We'd like to help any way we can. What's the issue happening on it and any steps tried? Which iOS is installed?,629584,2140970,2140968,,
"@AppleSupport You should be able to select a payment option, that’s ridiculous.",@775665 Thanks for reaching out! This is expected behavior with Family Sharing. Check out this article for more information: https://t.co/QlgvVVFJem,775665,2775967,2775966,,
@AppleSupport iOS 11.0.2 is installed and iPhone 6 Plus,@196833 Let's team up and take a closer look at both of your iPhone's issues. Which model do you have and is iOS 11.0.2 installed?,196833,338615,338616,,
@AppleSupport The issue is resolved but my iMessages weren’t sending on my iPhone 6,"@229214 Helping you stay connected is our goal, and we want to make sure iMessage is ready when you need it. What kind of issues are you seeing with iMessage, and on which device are you using that on?",229214,480591,480590,,
@AppleSupport I’ll tell him and give you the feedback.,@580395 Thanks for reaching out. We're here to help out. Have we tried all the steps listed here: https://t.co/xqiXha6yeB,580395,1955451,1955450,,
@AppleSupport Just did. Thanks!,@459690 Send us a DM and we'll provide some additional guidance on this. https://t.co/GDrqU22YpT,459690,1463504,1463503,,
@AppleSupport Apple's direct reply. Looks like you were working with a Senior Advisor named Cody. Best bet would be to get back in touch with them.,"@384882 We want to make sure your personal details are kept as secure as possible. If you'd like to continue, send us a DM. https://t.co/GDrqU22YpT",384882,1123157,1123155,,
@AppleSupport iPhone 7 and ios 11.1,@475264 That's not expected behavior. We'll be happy to see how we can help. Can you tell us which iPhone and iOS version you're using?,475264,1532206,1532205,,
"@AppleSupport Hmm, I think this is a Twitter app issue. Not iOS11. It doesn’t do it in safari.","@177952 Let's work together to figure it out. To clarify, which version of iOS 11 do you have installed? Also, please provide more details on what's specifically occurring and what you're doing at the time the music is pausing. What app are you using the GIF's in?",177952,2795424,2795423,,
"@AppleSupport Sound well, thank u guys :)","@680800 We’ve received your DM. Be on the lookout for our response there, shortly. https://t.co/GDrqU22YpT",680800,2356627,2356626,,
"@AppleSupport  can't sign in to https://t.co/LzhByAxOD1 via imac, but other 3 devices have signed in ok with new password, the update is the problem!","@657129 If you're able to sign in at https://t.co/tmRhWEkIq4, that means you're using the correct password. Let's meet in DM to see what's different on your Mac that's not allowing the password to be recognized correctly. https://t.co/GDrqU22YpT",657129,2256209,2256208,,
@AppleSupport It seems to me that IOS 11 is vulnerable to ransomware and pishing. This is an unusual behavior,@541121 We just received your DM. Let's tackle this there. You should have our reply soon. https://t.co/GDrqU22YpT,541121,1800907,1800906,,
@AppleSupport I did all the basic things needed to keep it going but really not happy with this update.,"@515188 DM us, and we can help you get your iPhone lasting as long as possible. https://t.co/GDrqU22YpT",515188,1698601,1698599,,
@AppleSupport I have the same issue! It’s your update! This is sooooooo inconvenient! #notahappycustomer !!,@716748 That's not the experience we want you to have.  We want to help.  Follow the steps in this article that talks about what to do if you cannot make or receive calls:  https://t.co/U53YusKX3z  Let us know if you are able to make a call after following these steps.,716749,2516064,2516063,,
@AppleSupport got through to someone who helped me finally thanks for the reply!,@756451 We'd be happy to look into your situation. We know how important it is to find resolution to any issue you may be experiencing. Can you DM us what's happneing exactly? https://t.co/GDrqU22YpT,756451,2690789,2690788,,
@AppleSupport The link talk about maximising battery and not solution to my battery issue.,"@201084 Great, thanks! This link details many ways to get the most out of your device battery:  https://t.co/yg6xBLkjbL",201084,359280,359279,,
@AppleSupport I️ have but predictive text continues to replace my I with I️,"@662899 An update has been released to assist with this issue. If you haven’t yet, please back up your device and update it to iOS 11.1.1. For more info, check out: https://t.co/4f8hwT5to6",662899,2280322,2280323,,
"@AppleSupport I will because the source photos are not accessible suddenly. Until this week I’d plug in my phone, open explorer, move the photos. Now i can’t. Wife’s in the same position and as of this week.","@617688  These are some good concerns, and we expect your features to work on your request not ours. You get 5GB of storage for free, and you will be notified if you need more. Even if you turn off iCloud Photos, your source photos will remain. Send su a DM if you need help. https://t.co/GDrqU22YpT",617688,2702117,2702116,,
@AppleSupport Dear apple - ain’t nobody got time for that. Please come up with a solution that doesn’t require 2 hours of my time. Thanks.,"@248315 We want to help with your iPhone. If your device with iOS 11 unexpectedly restarts repeatedly on or after December 2, 2017, this article will walk you through a solution:
https://t.co/Wc5MHFZb0p",248316,550782,550781,,
@AppleSupport Oh you sweethearts 😍 getting a lot of app crashes shortly after opening where the phone becomes totally unresponsive for a while.....,@617679 Let's check it together to get you back on track with your device. What issues are you experiencing?,617679,2333333,2333332,,
"@AppleSupport It's iOS 9 something, tried to update it but it said it's up to date? And I'm trying to yeah, got 50gb storage left so dunno what is is",@314585 We'd like to help you with that backup. Could you tell us which version of iOS you're running? Do you backup with iCloud?,314585,817017,817016,,
"@AppleSupport I need a high core count +4ghz , raid m.2/Optain , 4 x16 PCI slots for 4 GTX 1080ti conectied to a multi-sync 4K HDR monitor. And while I’m asking, please re-instate all the features of Quicktime 7 Pro.",@740930 Let's look into this together. What kind of iPhone &amp; Mac are you using &amp; what is the exact software version running on them both?,740930,2622627,2622626,,
@AppleSupport @176635 is there any official site to buy #Iphone through online site?,@176635 We know your account is important and we want to help you ensure everything is as secure as possible. DM us and we'll go from there. https://t.co/GDrqU22YpT,508332,1964007,1964006,,
@AppleSupport Yep. I've tried it so many times. This problem has occurred after updating my device to iOS 11.,@433927 We'd be happy to help. Have you tried restarting your device?,433927,1346249,1346248,,
@AppleSupport It’s fine... All sorted currently air dropping this to the TV 😂😂 thanks again for your quick response @AppleSupport like always is excellent “I can’t do that on my @115890” 😂😂 https://t.co/NXOu0ahHjZ,@252366 Send us a DM and we can take a closer look into this with you. https://t.co/GDrqU22YpT,252366,564991,564992,,
@AppleSupport It’s a 5s with IOS 11.0.3.,@538193 Let's get you dialing again. What type of phone and version of iOS 11 are you using?,538193,1791809,1791808,,
"@AppleSupport Yes, unfortunately. From time to time, it just turn off link the battery had been removed. Then I turn it on normally. However it do not save the word file that I’m working in the momento for the failure.",@321952 We would like to work with you to address this issue. Was this a one-day occurrence or is you Mac still unexpectedly power off?,321952,849940,849938,,
@AppleSupport I don’t use Face ID. It happens about three times a day,@794006 We'll help out in every way we can. Does this happen also when you unlock using Face ID?,794006,2856760,2856759,,
"@AppleSupport Thanks, I’m on version 11.0.3",@346600 We're happy to assist. Which iOS 11 version are you currently running? Go to Settings &gt; General &gt; About for the version.,346600,955063,955062,,
"@AppleSupport My tweet said something like ""Go fuck yourself""...
So no help needed.",@410877 We offer support via Twitter in English. Contact us for help in your preferred language here: https://t.co/IBIY3vMgPj,410877,1240092,1240091,,
"@AppleSupport Right now I can get 1 message, if I try to leave a 2nd msg then iPhone says 100%full when I click it and caller gets response vm is full.","@303128 Just to be clear, if someone calls you and tries to leave a voicemail, do they get a message that says the inbox is full?",303128,766252,766251,,
@AppleSupport The screen hasn’t been very responsive since I updated. My phone freezes when using simple apps like instagram that I had to restart app!,@290848 Tell us more about the issue you're having with your iPhone. We can look into it together.,290848,714221,714219,,
@AppleSupport Yeah bro I just gave it to the apple store. They’re going fix it in 3-5 days,"@681213 We can help get it charging again. Have you tried other outlets, and if possible another charger?",681213,2358567,2358566,,
@AppleSupport Phone is getting heating to the extent that it causing burning sensation on soft tissues of hand,"New iPhone 8 or iPhone 8 Plus? Here's how to charge it wirelessly. 
https://t.co/CrZAsO6K1o",568494,1180629,1180605,,
@AppleSupport 30% less than before the update. I was totally happy with the battery before this.,@130248 We completely understand wanting to have good battery life. How long is the battery lasting on a full charge after the update?,130248,62212,62210,,
"@AppleSupport Thank you very much for your reply. I love iThings! (iPad, iPhone, iPod etc &amp; your watches.) My kids have Macs (&amp; iThings too of course). ❤️","@547077 While we don't support going back to a previous version, we’d be happy to hear your feedback here:  https://t.co/eTPVYVFyd8 https://t.co/GDrqU22YpT",547077,2076074,2076073,,
"@AppleSupport Ok, I just sent you a message.",@156474 We'd like to help. Meet us in DM and we'll take a look at this together. https://t.co/GDrqU22YpT,156474,1449197,1449196,,
@AppleSupport iOS 11.1 Not only that but my memory usage is 100% even if There’s no apps running in the background...,@369672 We want to help you with this. Which iOS are you running now? Check here: Settings &gt; General &gt; About &gt; Version.,369672,1630158,1630157,,
"@AppleSupport I want to activate it via itunes, but when I connect to itunes its error 💆",@359111 We're here to help! Check out this article regarding iPhone activation: https://t.co/ywHIZGN4Ac,359111,1010508,1010507,,
"@AppleSupport @182714 Hello sir 
Yesterday i was update my iphone 7 
Ios 11.1 
Its taking too much battery life what should i do 
Every 2 hour my mobile is off","@182714 We know how important battery life is, and we’d like to help. Send us a DM to get started. https://t.co/GDrqU22YpT",182715,279864,279863,,
@AppleSupport Thanks. This is what I see. https://t.co/Y1Y4vt49Pt,"@150959 We'd love to look into this with you. When did this issue begin? Also, check under Settings &gt; General &gt; Software Update to see if you have iOS 11.1.2 available. If so, make sure you have a current backup, and download and install it. Let us know if the issue persists.",150959,152851,152852,,
"@AppleSupport Problem solved. I tried to uninstall the new apps, restart, after clean, install again. Cz if not restart after uninstall, still error.",@172175 We want to check this out. Send us a DM and we will go from there. https://t.co/GDrqU22YpT,172175,287490,287489,,
@AppleSupport I had to transfer all my datas like phone numbers from my old iPhone to the new https://t.co/TsONyV0iVo to do this?,@195257 In order to get you with the right folks. Can you tell us what exactly you need help with?,195257,332807,332806,,
"@AppleSupport An iphone 6s, bought last christmas",@483739 We understand battery life is important. What kind of device are you using?,483739,2113894,2113893,,
@AppleSupport When I send messages,@632407 Are you seeing this with your messages or someone else's?,632407,2152117,2152116,,
@AppleSupport Hw much time it will take to resolve coz i am suffering alot and my work also bothering me,@444066 Go ahead and DM us your country and we'll continue working there. https://t.co/GDrqU22YpT,444066,1393426,1393425,,
"@AppleSupport The blue status indicator is very slow and finally fails, giving me the red alert icon next to the message. The dialog that pops up says ""Your message could not be sent. Cancel / Try Again"" - I've tried logging out and back into iCloud, restarting the app.",@137182 We'd love to assist you with getting this sorted. Are you receiving any error messages while trying to send messages?,137182,97034,97032,,
@AppleSupport 11.1.2 It says it’s updated to the latest version.,@542881 We'd love to help with your text problem! Which version of iOS 11 have you updated to?,542881,2924665,2924664,,
@AppleSupport I just bought an iPhone 8 plus and I was trying to pair it with my watch,"@186353 We’ll be glad to help. To clarify, are you trying to restore a backup to your Apple Watch, or are you attempting to back it up?",186353,295387,295386,,
@AppleSupport 7.1.2 is the version installed on my phone and 6.1.6 is the version installed on iPod,"@700015 Yes, which version of iOS is installed? You can find out by tapping Settings &gt; General &gt; About.",700015,2440810,2440808,,
@AppleSupport U r telling me I need an iPhone for my 🇩🇪 language Apps/music &amp; one for my 🇬🇧 - useless!  I’m out 👎🏻 - don’t want 2 hear from u 4 90 days!,@269671 We're sorry if this has caused you any inconvenience. Check out this link with more info on this policy: https://t.co/7Hx0aYejYY,269671,631568,631566,,
@AppleSupport  https://t.co/SwTQGDpjeL,"@230289 Hello Julie, we'd be happy to work on this with you. To begin, can you tell us the exact iOS version you're using? Here's how to find it: https://t.co/ZTw54HL4Rm",230289,484495,484494,,
"@AppleSupport Well, it's about the game ""Art of Conquest"", it's a fun game at the begging and I've invested some on the game. But when your army size grow big enough, the game start crashing. after about 2 weeks time, it become totally un-playable. game crash on every battle on my iphone6plus",@403037 Maybe we can help. Tell us the app and what exactly is happening with it. Make sure to include your iOS version in Settings &gt; General &gt; About. We'll go from there. https://t.co/GDrqU22YpT,403037,1205030,1205027,,
"@AppleSupport Its new , not used ,  i want silver","@242309 We'd be happy to look into this with you. To verify, when you say return, do you mean exchange or get a refund for a recent purchase you made or are you wanting to turn in an older device that's no longer in use? Also, let us know what country you're in and we'll help.",242309,2619840,2619838,,
@AppleSupport I deleted them and tried to download them again but still no luck. I can't download anything at all yet I still have space,@497654 Got it. If you tap the apps do they pause at all?  Also can you delete them and try to download again?,497654,1624979,1624978,,
@AppleSupport iCloud photos are not missing. it’s the ability to sync with photos from Photos app that has dissapeared,"@239562 Let’s take a closer look into this. First, do you see all of your missing iCloud photos at https://t.co/9bUADNZWPX?",239562,518368,518366,,
@AppleSupport Did that and within 15 minutes it crashed and reset itself,@297225 Good to know. We released iOS 11.0.3 just a bit earlier today. Let's back up your iPhone and get you on the latest release.,297225,741030,741029,,
@AppleSupport Yes. I have that and my phone is a mess.,@302497 Thank you for reaching out to us. We're here to help. What version of iOS 11 do you have? iOS 11.0.3 is the latest version.,302497,763667,763666,,
"@AppleSupport I see I see, thanks!!!","@700812 An update has been released to assist with this issue. If you haven’t yet, please back up your device and update it to iOS 11.1.1. For more info, check out: https://t.co/4f8hwT5to6",700812,2444102,2444101,,
"@AppleSupport That didn’t do anything, the biggest disappointment is I had most of those songs downloaded to my phone and it deleted them","@693019 If you check under Settings &gt; Music, is iCloud Music Library disabled?  If so, enable it and let us know if that works.",693019,2410373,2410378,,
"@AppleSupport Hey @AppleSupport, I've got a question regarding returns. You offering 14 days to return an item after purchasing. Is it sufficient to ship the items on the 14th day (by UPS or equivalent) or must the items arrive at Apple within 14 days? Thanks a lot!",@672834 We offer support via Twitter in English. Contact us for help in your preferred language here: https://t.co/IBIY3vMgPj,672834,2321904,2321903,,
@AppleSupport Nvermind! You all fixed something on the back end and now my order is magically showing up. Thanks!,@430308 Thanks for reaching out. Go ahead and contact our Sales team for more assistance on this:  https://t.co/8yjRd1Xo0i,430308,1329993,1329992,,
"@AppleSupport I’m facing frame dropping in games which is not expected from iPhone. And Why YouTube also not smooth as it should be. I don’t how was ios 10 but in ios 11 I’m facing some minor problems, or it is my device problem! 😔 From Apple products I don’t expect amy performance issue.",@658479 We know how important it is to have your device working as expected. We'd be happy to look into this with you. We didn't see anything out of the ordinary in the video provided. Can you provide us details of what you're experiencing when your device is lagging?,658479,2261648,2261647,,
"@AppleSupport No, there’s nothing!","@142503 We do want you to be able to use the EarPods that come with your iPhone 8, and we've included the Lightning to 3.5 mm Headphone Jack Adapter. Take a look in the box to be sure you haven't overlooked it.",142503,119452,119451,,
@AppleSupport I went on https://t.co/1Zxr2dCYE1 and nothing showed up. I backed up from my phone when it restored and nothing showed up for about an hour or so,"@731058 Did anything get restored? Also, if you log onto https://t.co/MdGttkkFL9 from a web browser on a computer, do you see anything there?",731058,2578664,2578663,,
"@AppleSupport No message of any kind. It won’t even start, the manual backup box is greyed out, for both phones.",@448116 We can help. Tell us what happens when you try to use iTunes to back your iPhone up. Do you get an error message of any kind?,448116,1758823,1758822,,
"@AppleSupport over 24 hours, yall have been no help.",@123370 We’d like to get this issue resolved. Meet us in DM if you'd like to continue.,123370,36098,36097,,
@AppleSupport I have already updated my phone to iOS 11.1 and it Still occurs for the Dutch keyboard (not the English one anymore),"@477471 We’re here to give you a hand. To begin, let’s back up the iPhone, then update to iOS 11.1: https://t.co/80YRnjDFDk",477471,1540644,1540643,,
"@AppleSupport the connection is made but after 2 or 3 min does not recognize the click or is frozen, or the click is made on another part of the screen","@304774 We'd love to help you out! When you say it isn't working, do you mean it won't connect? Or that it has no power?",304774,773520,773519,,
@AppleSupport Ok I will,@333420 That's not expected behavior for a new iPad. Join us in DM so we can better assist you: https://t.co/GDrqU22YpT,333420,898847,898846,,
@applesupport I was used Wi-Fi connection,@460805 Downloads are dependent on the network connection. Are you doing this over Wi-Fi or cellular data?,460805,1468296,1468295,,
"@AppleSupport It cuts in and out also - some they receive, some they don’t. Length of message doesn’t matter. Currently using the iPhone 6",@711882 Thanks for reaching out to us. We're here to help with the messaging issue. Are the people you're texting receiving notifications of texts with empty threads? Are you able to receive text messages on your device?,711882,2493844,2493843,,
"@AppleSupport iPhone 7 Plus, and iOS 11.0","@498847 Battery life is important, and we’ll assist. As a starting point, which iPhone model and iOS version are you using?",498847,1629763,1629762,,
@AppleSupport The most useful thing they said on the phone was after having told me to bring it to the Apple store (that’s over an hour away) in the morning and me saying i need to finish the homework I’m trying to do by the morning the woman’s only response was “I’m so so sorry”,"@701597 Let's look into this for you, so you can get back to your finals. Meet us in DM with more details about what you are experiencing to get started. https://t.co/GDrqU22YpT",701597,2447542,2447541,,
@AppleSupport did that 3 times ..,"@684198 Let's try resetting the network connection on your iPhone to get fresh connection. Tap  Settings &gt; General &gt; Reset &gt; Reset Network Settings. This also resets Wi-Fi networks and passwords, cellular settings, and VPN and APN settings that you’ve used before.",684198,2371181,2371180,,
@AppleSupport You don’t see people timeline bout send a Dm with the issue. FIX YOUR OPERATING SYSTEM!!!,@527702 We can help! Send us a DM with some more information about the issue you're expierencing. https://t.co/GDrqU22YpT,527702,1751432,1751431,,
"@AppleSupport Went to the Apple store and got nowhere. Created most of the tones through iTunes. None work, default ring persists, regardless of which tone set","@730277 Hey, can you tell us some more details on what's going on with the ringtones? Also, were they purchased through the iTunes Store? Let us know some details and we'll do our best to help.",730277,2575319,2575318,,
@AppleSupport sent you a message.,"@795092 Having access to your iPhone is important, and we’d love to help. What happens when putting your iPhone into recovery mode? DM us the answer to get started. https://t.co/GDrqU22YpT",795092,2862133,2862132,,
"@AppleSupport I️ already knew I️ could do this, just seems dumb that I️ have to do this now and you guys haven’t rolled out a new update to fix the issue",@526157 Here’s what you can do to work around the issue until it’s fixed in a future software update: https://t.co/xXaXeeSRt9,526157,1744844,1744843,,
@AppleSupport Dell Inspiron,@510037 You came to the right place. We'll do everything we can to get you set up. What kind of computer are you using?,510037,1676751,1676753,,
@AppleSupport Can i add third party app?,"In iOS 11, you've got more control over the Control Center. Here's how to customize it.

Learn more: https://t.co/zgMxUxLc7d https://t.co/aos5AvxUZO",726730,661652,661563,,
@AppleSupport Happens frequently with other apps too....,@184053 Let's work on this together. Are you noticing this issue with your notifications on all apps or just the one in the screenshot?,184053,1621195,1621193,,
@AppleSupport Was able to get it to factory settings from linking to iTunes and doing the factory reset.,@445715 We're here for you. Are you wanting to restore it to factory settings or restore a backup on your iPhone?,445715,1541151,1541150,,
"@AppleSupport Thank you for your help, I️ apologize for raising my voice",@515156 Here’s what you can do to work around the issue until it’s fixed in a future software update: https://t.co/xXaXeeSRt9,515156,1698508,1698507,,
"@AppleSupport My phone just keeps freezing and not responding and my battery goes from 100% to 20% within 2 mins, it all started when I updated yesterday",@355315 We want to help you with the iPhone. Can you tell us what's happening so we can look into this with you?,355315,993349,993347,,
"@AppleSupport It’s asking me to input my payment details again even though it’s already in there and when I do, it declines my card. I tried both WiFi and cellular data neither works. I tried signing in to another Apple account and that didn’t work either.","@801124 We want you to be able to update your apps, and we'd like to help. What happens when you try to update? Also, are you using a Wi-Fi or cellular data connection?",801124,2889449,2889448,,
@AppleSupport Well i install it and it works now  :),@160228 Sounds good. Let us know if the issue persists after updating.,160228,188462,188463,,
@AppleSupport Of course this starts right after it's out of warranty.,@284303 We'd like to help with any issues you're experiencing. Is there currently any sign of charge or activity from your iPad? What happens when it's connected to different charging cables and wall adapters? Here's a guide to help: https://t.co/8MvHMFZ83h,284303,2771780,2771779,,
@AppleSupport @434925 Another fix I found https://t.co/SQeqVGCcMK,@434925 Here’s what you can do to work around the issue until it’s fixed in a future software update: https://t.co/xXaXeeSRt9,501925,1641957,1641956,,
@AppleSupport my apple music app loads but doesn't show any of my music. just says we've run into a problem,"@733221 We expect you to have a great experience with iOS 11. Just to be sure we understand, can you describe what you're experiencing?",733221,2587920,2587919,,
@AppleSupport  https://t.co/jZAZduwTgD,@192939 We’re here to help. Can you please tell us which version of iOS you are currently running?,192939,323008,323007,,
@AppleSupport Good deal thank you.,"@118149 Yes. The movie that you purchased is associated with your Apple ID; therefore, deleting the movie from your device to preserve space will not have a negative impact on your ability to re-download  the movie for free in the future.",118149,667831,667832,,
@AppleSupport I’ve tried it 2x now.,"@802518 Thanks for letting us know. Let's go ahead and restart your iPhone then attempt to connect again. 
Let us know how it goes.",802518,2896118,2896117,,
@AppleSupport @481349 You talking to my girl bro?,@481349 We are here to help. Let's backup your device then update to the newest version it has a fix for this issue.,481350,1557117,1557116,,
"@AppleSupport I had an old update, just updated the software. Let’s see how it functions now. Thank you for now.",@666313 Great question. We know how important it is that your new iPhone X be performing its best. Let's look into this further together. Please send us a DM and let us know the country where you're located as well as the iOS version number installed https://t.co/GDrqU22YpT,666313,2294667,2294668,,
"@AppleSupport After use the two factor authentication,I can’t login the id again ,how to turn off the 2factor authentication?",Make your Apple ID more secure and keep your personal information safe with two-factor authentication. Here's how it works. https://t.co/lcjIwpnciB,316822,208272,208231,,
@AppleSupport after DM silence. Don’t bother anymore I’m using a third party app now which is far better than the Apple podcast app. Thx Apple for sc...up,@609195 We want to look into the issue you're experiencing with Podcasts. Please send us a DM with the exact iOS version you're using. https://t.co/GDrqU22YpT,609195,2059813,2059812,,
@AppleSupport The new iOS is changing my @115858 experience into a nightmare !! Is it clearer in English ?,@167321 We offer support via Twitter in English. Contact us for help in your preferred language here: https://t.co/IBIY3vMgPj,167321,215811,215812,,
@AppleSupport With most of them it fixes the issue but with Launch Pad there is no option to do that.,@391833 We'd be happy to help. What happens when you remove the icons from the Dock and then add them again?,391833,1155544,1155543,,
@AppleSupport I have iPhone SE.,@355059 This is certainly not the behavior we want you to experience. We want to help. Could you tell us which iPhone you're using?,355059,992361,992360,,
@AppleSupport Thank u sorry for yelling ily,"@495437 We're here to help. To start, we recommend following these steps: https://t.co/xU1AGHStV6",495437,1615376,1615375,,
"@AppleSupport It’s updated to ios11, and it’s not the apps that are slow. When I type or go to something, things glitch. After yesterday’s update. The phone in general.",@681239 We'll gladly assist. Can we get some details? What apps are slow? What device are you using? Is it updated to iOS 11.1.1?,681239,2358751,2358750,,
"@AppleSupport It occurred all of a sudden,may b when at a time using more than one app.Last time occurred during booking a cab through app.","@370233 We'd like to help. When you mention the iPhone is ""hanging"", does this happen with certain apps or is it system wide?",370233,1059776,1059774,,
@AppleSupport Yes! It’s restarted!,@695379 We'd love to help. Has the device been restarted since it happened?,695379,2420760,2420759,,
@AppleSupport Bet!,"@666713 Good to know. iOS 11.1.1 was recently released and it includes a fix for autocorrect issues. Be sure to back up your device prior to updating, and let us know if the issue persists afterwards. How to back up: https://t.co/4f8hwT5to6",666713,2296339,2296338,,
@AppleSupport Does it mean that Apple doesn’t recognise northern Irish as a nationality? It auto corrects North Korean. I’m intrigued. 🤔🤔,@444296 We can certainly help! Check out this article for how to use text replacement on your device to help: https://t.co/U5VKSTl2CD,444296,1394489,1394488,,
@AppleSupport Nah it's my password,"@668584 If you forgot the email address you use as your Apple ID, here's some steps you can try to find it: https://t.co/buxNpfhIIM",668584,2304251,2304250,,
"@AppleSupport Thanks. Goes to activation lock page asking for ID/password. Can't get in. Changed password on my phone, still no joy.",@310156 We're here for you. What happens when you try to get into your iPad?,310156,797600,797599,,
"@AppleSupport iOS 11.1.2... Logs in Xcode revealed errors related to 4 books. After removing the books in iBooks app, those went away, replaced by itunesstored’s attempts to „Cancel 4 remaining restore items“ every minute or so, but apparently failing...","@257647 We're happy to look into this issue with iBooks. To start, what's the iOS version currently installed on your iPhone X? Do you recall which iOS version was installed when this issue first appeared?",257647,583594,583593,,
@AppleSupport I DMed you the details.,@564602 We're here to help. Send us a DM and tell us when you updated to iOS 11. Did you update over Wi-Fi or iTunes?,564602,1893971,1893970,,
@AppleSupport Responded.,@124163 We are here to help. DM us your exact iOS version and we can take a look. https://t.co/GDrqU22YpT,124163,894838,894837,,
@AppleSupport I meant I tried all your steps and It did not help me.,"@267790 Okay. Just to confirm, you're not having the issue anymore?",267790,646937,646936,,
@AppleSupport I run ios 11.0.3. https://t.co/qlu2UfcBgW,@430302 Let's help you with that battery. Which iOS 11 version are you running? Have you checked out: https://t.co/bivpdfBNJ6,430302,1329969,1329968,,
@AppleSupport Is Apple ever going to fix the Bluetooth problem. I can’t connect to my car and my@Pokémon go plus?,"You can now add more controls to Control Center in iOS 11. Here's a guide. 
Learn more https://t.co/D5hw2gyots https://t.co/cpVyAGxQAg",219067,307390,307332,,
@AppleSupport It is version 11.1.2,@136854 We'd like to help. What's the version of iOS installed? Does this issue persist after rebooting your device?,136854,95786,95785,,
@AppleSupport Sent twice now.,"@556285 We’d be happy to look into this with you. Which device are you using? DM us, and we'll continue helping from there. https://t.co/GDrqU22YpT",556285,1861137,1861136,,
"@AppleSupport Thank you.
Yes, it was connected to WiFi + plugged to the charger.",@732657 Great question! We're happy to help out with questions regarding your iCloud Photo Library. Is your iPad Pro connected to Wi-Fi or cellular when you see this alert?,732657,2585585,2585584,,
@AppleSupport I had to reset Apple ID warnings to proceed! Now I have pages installed... but expected the software to prompt me rather than me waiting and wasting so much time! Highly unacceptable... ☹️,@458042 We'd like to look into this issue with you. Please DM us more about what's happening and any steps you've already tried. https://t.co/GDrqU22YpT,458042,2833049,2833048,,
@AppleSupport i powered off my phone and all my photos and videos are wiped.,"In iOS 11, you've got more control over the Control Center. Here's how to customize it.

Learn more: https://t.co/zgMxUxLc7d https://t.co/aos5AvxUZO",820823,661629,661563,,
"@AppleSupport Sounds good. Messages you all. Sorry it took so long, had prior obligations that took up my time.",@384111 Let's go ahead and continue in DM. https://t.co/GDrqU22YpT,384111,1119372,1119371,,
@AppleSupport yesterday and yes. The latest one.,"@389297 We'll be happy to help. To clarify, are you on iOS 11.0.3? If so, when did you install it?",389297,1144175,1144174,,
@AppleSupport IPhone X please and during a phone call,@142816 We'd like to help. This article will explain how to force quit apps on your iPhone: https://t.co/RqqIctrDWV,142816,120619,120618,,
@AppleSupport i dont have enough storage,"@447309 First, let's go ahead and back up your iPhone and update to the latest iOS 11.0.3. Let us know if the issue persists afterwards.",447309,1408187,1408186,,
@AppleSupport yeh tried restarting &amp; it still hasn't downloaded any emails for 6 days 😔,@544654 Got it! Does this happen over cellular and Wi-Fi? Have you tried restarting your iPhone 4s to see if the issue persist?,544654,1897896,1897895,,
@AppleSupport I had to clear them one by one . That’s a mess,@288382 Got it. Have you been able to clear all of your notifications to see how your new notifications show up?,288382,2756773,2756772,,
@AppleSupport Thaaaaank yoooou,"@435251 We've just released an article here that can help: https://t.co/pjfPUtm7HO
DM us with any questions. https://t.co/GDrqU22YpT",435251,1543546,1543545,,
@AppleSupport Yes by Verizon. And it works when I’m away from my phone. It just seems there is a period of several min after I leave the phone....,@553398 Understood. Does your Watch have an active cellular plan through your carrier?,553398,1847928,1847927,,
@AppleSupport why y'all acting brand new https://t.co/kfZ3djR8R8,@465356 Let us help look into this with you. Which iPhone are you using? Which version of iOS do you have installed? Let us know in DM. https://t.co/GDrqU22YpT,465356,1860129,1860128,,
@AppleSupport Completely cock up my iPhone and iPad apps disappear then reappear they move on there owit was perfect before the update. #nothappy #😢,"Introducing the new Control Center in iOS 11. Now customizable.
Learn more https://t.co/fCNsZCyS3P https://t.co/WiFGzhh3AZ",270883,6861,6658,,
"@AppleSupport I called Apple Support already, thanks",@125159 We want to help get your phone back to working order. Try the steps here and let us know the result: https://t.co/8MvHMFZ83h,125159,41633,41632,,
"@AppleSupport just followed the steps, still nothing...",@755734 We can work together to get this figured out. Have you tried to force restart the iPhone? https://t.co/o7nB3pXfMv,755734,2687737,2687736,,
@AppleSupport So how are we fixing this issue. I’m now using some random persons phone which also apppears not to be fixed to reply here,"@693681 We received your DM, and would like to continue our conversation there.",693681,2412998,2412996,,
@AppleSupport For specific apps like WhatsApp...and my internet connection is working perfectly,@289656 We'd like to help! Can you tell us if the notifications is on a specific app or all apps?,289656,709532,709531,,
"@AppleSupport I love you. It’s very sweet of you. I have everything Apple🤘but my clumsiness is my personality, not your fault. I’d need loads of years in therapy to work on getting rid of it. I think @731054 seems to need your support instead😊",@731053 We'd like to hear more about this issue. Please meet us in DM and we'll be happy to take a closer look into this with you. https://t.co/GDrqU2kzhr,731053,2578613,2578612,,
@AppleSupport It’s your iOS 11 that’s broken it,@733469 We'd love to look and find any solutions possible to resolve this concern you have. What's the model?,733469,2589194,2589193,,
@AppleSupport Holy shit I’m dumb af lol yeah I didn’t know it was saying to double click the side button lol everything works perfect lol thanks Apple!! I love y’all,"@481187 We'd be happy to see what's going on when you try to install apps. If you double-click the side button, does your iPhone X respond on that screen at all? For more information, check this out: https://t.co/veRN9oBgb5",481187,2547264,2547263,,
@AppleSupport iPhone 7 Plus! 11.1.1,"@666855 We'll be happy to help you determine what's going on with your camera. To do so, let us know more about what you're experiencing. Also, which device model do you have and what is the exact iOS version installed? You can check under Settings &gt; General &gt; About.",666855,2297027,2297026,,
"@AppleSupport So you’re asking me..along with MILLIONS of people to do this if they updated their software? No, you fix the problem. It’s 2017.  Fix This.",@489251 We're here to help. Please take a look at the following article: https://t.co/xXaXeeSRt9,489251,1591507,1591506,,
@AppleSupport Thank you for the reply. I would like to change my shipping information that I entered correctly but YOUR website changed AFTER checkout.,@306852 Thanks for reaching out to us. We would love to help you. Please tell us how we can support you.,306852,1948370,1948371,,
@AppleSupport What do you mean by that?,"@771299 Hi, and thanks for getting in touch with us! To help shed a little more light on this, can you let us know if you had two factor authentication set up for your Apple ID?",771299,2755747,2755748,,
@AppleSupport nah it’s all good they just reappeared but that was wild,@788692 We can help look into your photos. Reach out to us in DM and we will help. https://t.co/GDrqU22YpT,788692,2833014,2833013,,
@AppleSupport Will the watch support weight lifting?,"Track High Intensity Interval Training, wheelchair workouts, rowing, and more, with Apple Watch. Learn more: https://t.co/P8HxjxfXat https://t.co/4FeG0qzKkE",199886,336622,336605,,
@AppleSupport Nope.,"@184055 Hey there. We can look into this with you. Do you have ""Low Power Mode"" enabled on your phone under Settings &gt; Battery?",184055,285676,285675,,
@AppleSupport Just swiping through the dates.,@770544 To make sure we understand. Are you changing the date of an event? Or just swiping through the dates?,770544,2752463,2752462,,
@AppleSupport It also happens with Twitter. Definitely a Watch OS4 issue. Other Series 3 owners are having the same issue @TwitterSupport https://t.co/yCw4osh7tq,@204092 Thanks for giving that a try! Please try uninstalling the Snapchat app and reinstalling: https://t.co/ikTYqoYXpm,204092,371878,371877,,
@AppleSupport @196299 I’m not Robbie but I have a 6s and have to reboot it like 5 times a day. Constantly unresponsive and slow.,@196299 We want to help. Which iPhone model do you own?,196300,336560,336559,,
@AppleSupport iPhone 6+,@530253 Let's look into this together. Which device are you using with iTunes? When did the lyrics appear to be missing?,530253,1762277,1762276,,
@AppleSupport Everything went smoothly with safe mode thank you so much!!!,"@776000 Try this. Boot the Mac into safe mode. https://t.co/PQ4LSYhUTY This will clear some cache files and give us a good foundation. After doing the safe boot, try the install again. Let us know how that goes.",776000,2777559,2777558,,
@AppleSupport @AppleSupport you up? https://t.co/17uKw4f0n4,"@251459 We'd be happy to look into this with you. In DM, please let us know the iOS version you're using. https://t.co/GDrqU22YpT",251459,561781,561779,,
@AppleSupport I restarted haven’t gotten the message but I have WiFi turned off,"@629338 Do you currently have any updates for apps downloading? If you restart the iPhone, do you still get that message on Wi-Fi?",629338,2139942,2139941,,
"@AppleSupport Thanks for responding! Since updating I can’t connect to wifi at all. The toggle is greyed out. Tried the sleep/ side button, also the various resets etc, all to no avail. Really frustrating.",@532652 We expect you to have a great experience with iOS 11. You have our commitment to help! What happens when connecting to Wi-Fi?,532652,1772189,1772188,,
@AppleSupport THIS EXPERIENCE IS BEYOND FRUSTRATING ! You don't care that I've spent days.. almost a week on this!,@664803 This is not the experience we want you to have. Please meet us in DM so we can gather more details and take a closer look at this with you. https://t.co/GDrqU22YpT,664803,2410197,2410194,,
"@AppleSupport Had a series 0 for the last 9 months until this week, upgrading to series 3. Never had this issue until the new watch. https://t.co/nfZRYr1HuF",@349219 How long have you been using your Apple Watch? Have the notifications displayed as expected previously?,349219,1208430,1208429,,
@AppleSupport iPhone 6S i’m signed into the AppStore aswell,@280077 We can help. Are you signed into the App Store? Could you let us know with which iPhone we’re working?,280077,754187,754186,,
"@AppleSupport Great, thanks, I shall DM now.",@301714 We want to check this out. Send us a DM and we will go from there. https://t.co/GDrqU22YpT,301714,760508,760507,,
"@AppleSupport Some apps the pages won’t refresh, the wheel just keeps spinning. When trying to send pics thru messaging my phone has frozen 5 different times.",@163167 We'd like to look into this with you. Could you let us know what is happening with your iPhone that necessitates needing to restart it?,163167,2757519,2757518,,
@AppleSupport All of a sudden my phone has the glitch where it replaces random letters with symbols. Hasn’t happened before today.,@769026 Hey there. What's happening with your iPhone? We'd love to help out.,769026,2746159,2746158,,
"@AppleSupport iPhone, MacBook Air and Apple Watch. Nope, I’ve never seen it on any of my devices.",@125899 We'd like to help. Let's take a look at this. On which device are you viewing your music? Did you ever see this playlist?,125899,1835073,1835074,,
@AppleSupport I give up on this support account. I can see I’ll never get a useful answer.,@313081 Be sure to reach out to the developer teams and let them know: https://t.co/LIrs0dB6kH,313081,810368,810367,,
@AppleSupport @496410 NO IT DOESNT HELP WTF,@496410 We've seen the issue you're talking about and we have a workaround for it: https://t.co/xXaXeeSRt9 Did that help?,496411,1619366,1619364,,
"@AppleSupport @717328 After updating ios(11.1.3) my iphone 5s restarted again and again,only apple logo show and start the phone again ,when i'm connected to the wall charger it will on my battery is ok and touch panel is also ok,so what kind of shit is this😡😡😡😡😡","@717328 Thank you for checking those for us. What happens when it restarts? Does it automatically come back on? Do you see the Apple logo, spinning wheels, colored screens, etc.? Let us know in DM. https://t.co/GDrqU22YpT",717330,2518244,2518242,,
@AppleSupport 11.0.3  the most recent one.,@493254 We'd like to help. Which iOS did you update to? Tap Settings &gt; General &gt; About,493254,2324532,2324531,,
@AppleSupport My network is strong and hasn't dropped,"@346407 Are you getting any errors when trying to update in iTunes, or has it stopped completely with no movement?",346407,954195,954194,,
@AppleSupport I was just informed by the Apple Genius that they are replacing the logic board at their cost. Nice service. Thank you.,@168585 Thanks for reaching out. We'd like to take a look at some information to assist. Send us a DM using the link below and we'll continue there. https://t.co/GDrqU22YpT,168585,2448351,2448350,,
@AppleSupport Because so far only the contacts have came through and a few messages and not all,@777513 We will do our best to assist as much as possible.  What is your question?,777513,2784649,2784648,,
"@AppleSupport I delete the apps and every time I update one of the apps remained on the phone, all the deleted apps are coming back. No music or movies.",@299009 Reach out to us in DM and we can start looking into this together. https://t.co/GDrqU22YpT,299009,748830,748828,,
@AppleSupport  https://t.co/9QSU7YShHg,"@264984 Thanks for confirming. Next, we'd like you to boot to Recovery, choose the Disk Utility, and send us a picture so we can see what volumes are available: https://t.co/3mWPPC8cdZ",264984,2739447,2739445,,
"@AppleSupport  after entering password 3 times it made me change password which means my other 3 devices had to be changed also, it's a joke",@657129 Let's take a look at this together. What happens when you try to use your keyboard? Have you tried other USB ports?,657129,2256210,2256213,,
"@AppleSupport Hi. It’s fine now, thanks. Photos coming in gradually. Must be slow internet. Thanks again.",@503576 Do you use iCloud Photo Library? Was it enabled before you updated?,503576,1648380,1648379,,
"@AppleSupport So you explain us that the Control Center is no longer a short cut: more manipulations than ever
#Apple is now stupid, It’s #Official #IOS11","@373453 Bluetooth &amp; Wi-Fi reconnect at 5am daily, as well as the other reasons listed in the article. You can turn them off in Settings.",373453,1074234,1074233,,
"@AppleSupport Yeah, that didn’t help",@357356 Thanks for connecting with us. Let us know if this helps: https://t.co/OWRDHWSt4h,357356,1002750,1002749,,
"@AppleSupport I have forgotten the password to the Icloud, the email I signed up with is also Icloud so that is my main issue.","@743095 You'll need the Apple ID and password to get past the Activation Lock. If you're not sure of your Apple ID and password, we'd like to get you over to our Apple ID support. They'll be the best ones to help with this: https://t.co/UJm15vmMM2",743095,2631627,2631626,,
@AppleSupport If it important update for iOS 11 then the reason must be mentioned...,"@240583 We'd love to answer any questions that you have about the update! This update is for all iPhone models 5s and up. There is a device specific update for iPhone X, however, this update is for any iPhone capable of running iOS 11.

DM us if you have more questions.",240583,522115,522114,,
@AppleSupport My Snapchat will shut itself off and take me back to my home screen and sometimes the touch screen won’t work at all and I have to reset,@526774 We want to help. Can you tell us more about what you are experiencing?,526774,1747415,1747414,,
@AppleSupport Thanks. Kindly guide me with the steps.,"@502931 Got it. Meet up with us in Direct Message. We'd like to continue running through some steps to resolve this, in there. https://t.co/GDrqU22YpT",502931,1795729,1795728,,
@AppleSupport Am I ever going to get a response? My computer is getting to be almost unusable after installing Sierra.,@144220 We’re happy to help with any complications you’re experiencing. Let us know more details via a DM. We’ll keep moving from there. https://t.co/GDrqU22YpT,144220,1821757,1821758,,
@AppleSupport I’ve searched msg boards and have found my challenge to be common complaint. Troubleshooting is to no avail - please push an update to 11.1.2. Location services is running constant - only way to prevent is to block all together &amp; wifi turns on w/o request &amp; not on known networks,"@275669 We'll gladly work together with you on this. Which iOS version is currently installed? Also, can you provide us with more details about what you're experiencing? DM us your response. https://t.co/GDrqU22YpT",275669,654400,654399,,
@AppleSupport Correct and the screen is scrambling,@554238 Is the iPhone unable to respond when you tap on it? We just want to be sure we know exactly what is happening.,554238,1851791,1851792,,
"@AppleSupport The workout app randomly pauses workouts, what must happen?",Back-to-back workouts? Bring it on. Here's how to quickly switch from one workout type to the next on #AppleWatch. https://t.co/71WPsSrfcm,275092,652213,652217,,
"@AppleSupport Will do, thanks","@342631 Got it. If installed apps are becoming unresponsive or unexpectedly closing, we suggest following this article: https://t.co/fUZ0NRJxcn

Let us know if you have any questions.",342631,939172,939171,,
"@AppleSupport I’ve got a Series 3 watch (cellular), running watchOS 4.1.",@631965 We'd like to lend a hand to see how we can help over Twitter. Which Apple Watch model do you have and what's the watchOS on it?,631965,2150293,2150292,,
@AppleSupport My LTE works fine but when I connect to WIFI and then leave that location is no longer works. I can make calls and SMS but apps and iMessage no longer work. I have tried all the work-arounds. It is either an iOS issue or a hardware issue,"@717995 We're happy to help with any concerns. Are you have an issue with connecting to your internet? Wi-Fi or cellular? If not, what is the exact issue?",717995,2520775,2520774,,
"@AppleSupport This is what movies anywhere settings look like, I dont have those settings, that is why I can't connect or disconnect my itunes account https://t.co/ylONULiI1L",@164026 Take a look at this and see if this is useful to you: https://t.co/Ohh3kjdOhO,164026,1192069,1192065,,
"@AppleSupport Thank you! I’ll for sure let you know. I got mine right away but his hasn’t showed, the instructions do help!",@153601 Thanks for reaching out to us about this. It can take up to 9 days for an achievement to appear. This link has more info: https://t.co/xwf6lrIgzJ Let us know if it hasn't arrived after 9 days.,153601,162770,162769,,
@AppleSupport Yea i am doing that “I️” &lt;— workaround. But it sucks. Fix it.,@526144 Here’s what you can do to work around the issue until it’s fixed in a future software update: https://t.co/xXaXeeSRt9,526144,1744801,1744800,,
"@AppleSupport It really doesn’t matter. It’s a 6S with the latest, but I’ve had 4 iPhones in like 5years due to each one being possessed by the devil",@414407 Let's work to resolve this together. Which version of iOS is installed currently and what iPhone do you have?,414407,1530014,1530013,,
@AppleSupport @486447 this is what I was trying to explain,@486446 This article here can help with that https://t.co/xU1AGHStV6 Please DM us if the issue continues. https://t.co/GDrqU22YpT,486446,1579826,1579825,,
@AppleSupport 11.0.1,@127929 We know keyboard funtionality is important and want to help. Which iOS version is installed?,127929,52961,52960,,
@AppleSupport @592265 Just tell me@how I can backdate to precious upgrade. Upgrading to OS11 was worst thing I’ve done! Too much @115858 👺👃 and lack of my privacy,"@592265 Let us know via DM which iPhone you're having this issue with, then we can take a look at it with you from there. https://t.co/GDrqU22YpT",592270,2002935,2002933,,
"@AppleSupport Hi, yes I am.",@358324 OK. No problem. Can you confirm if you are running the latest iOS? (11.0.3),358324,1026287,1026286,,
"@AppleSupport It stills shows 4G, but apps shows connecting and data isn't https://t.co/6SIZMoIX8j all works fine","@646860 Got it. When it stops working, does your iPhone display “Searching” or “No Service”?",646860,2213390,2213389,,
"@AppleSupport iPhone SE, I’ll try restarting it",@465984 We’ll do everything we can to help. Which iPhone model are you using? Do you see the same message after restarting the iPhone?,465984,1489618,1489617,,
@AppleSupport My iPad Air. My daughter likes to rotate her apps every week and now she can’t find them.,@342625 We're happy to help. On which device are you looking for your app library?,342625,939129,939128,,
@AppleSupport hi it still didn’t help. it said cannot be back up due to storage full but i just upgraded. you can refer the picture https://t.co/EdpqWdpnva,@489252 Hi there. Check out this article for issue backing up via iCloud: https://t.co/Lr8zUtw9ls Let us know if this helps.,489252,1591510,1591509,,
"@AppleSupport Thank you for understanding what i mean. iMessage normally on ipad air, this happen on iOS 11.0 on iphone 7+ and little on iphone 5 10.3.3",@216888 That is a great video! Are you only experiencing this slowness while using the Messages app? Which iOS version are you using?,216888,428379,428378,,
@AppleSupport Make that 2 hours now. #switchingToAndroid😡,@437258 DM us and we'll double check on what we can do to help you. https://t.co/GDrqU22YpT,437258,1362561,1362560,,
"@AppleSupport Gracias, los amo.",@406494 We offer support via Twitter in English. Get help in Spanish here: https://t.co/IBIY3vMgPj or join https://t.co/OczyRx7IOs,406494,1221007,1221006,,
"@AppleSupport Just updated to 11.1.1, battery doesn’t seem much better. I just want to know that Apple is looking into a fix for this. Tired of my Apple products aging so terribly, haven’t even had this phone for a year.","@667164 Let's look into this. Is this on the latest update, iOS 11.1.1?https://t.co/80YRnjDFDk Have you checked the App Store for an update to your GPS app?",667164,2298345,2298344,,
"@AppleSupport No error, just a blank page",@389327 Thanks for bringing this to our attention. We'll do everything that we can to assist you with the Notes app. Are you receiving an error message when trying to open Notes?,389327,2849192,2849194,,
@AppleSupport It’s the whole phone. I’m following you so you can answer by dm,"@305232 We're here to help. Is it an app or two that's slow, or is it the whole iPhone? Let us know in DM and we'll get started! https://t.co/GDrqU22YpT",305232,775253,775254,,
@AppleSupport who is there,@155293 We'd like to investigate further with you. Send us a DM and we can go from there. https://t.co/GDrqU22YpT,155293,168849,168841,,
@AppleSupport The money was taken from my account so I would LOVE to be able to listen the the album on the way to work,@375995 We'd be happy to help. Here's a link with more information on redownloading purchases: https://t.co/I39AyMJNgb,375995,2273999,2274000,,
@AppleSupport Hi! I have a 5S and I recently updated to 11.0.2. Can’t make calls as earpiece isn’t o,@335044 We'd love to help with your iPhone. Which iPhone do you have &amp; what exact version of iOS is installed currently?,335044,905818,905816,,
"@AppleSupport Hi, yes that’s right - am on iOS11.0.3 and latest WhatsApp version. Already tried uninstalling, rebooting then reinstalling app.",@286526 We'd be happy to review this for you. Are you experiencing this issue on the latest version of iOS 11.0.3?,286526,1353998,1353997,,
"@AppleSupport I let the battery drop below 10%. Low battery mode is off, phone has had a reboot, still can’t use flashlight.","@184055 If this happens again, take notice if Low Power mode enables under Settings &gt; Battery: https://t.co/VtbR4hS4qv",184055,285681,285680,,
@AppleSupport Yeah it’s like the sound of turn up or turn down the music. Its weird I know but it’s drive me crazy,@174554 We'd like to see if we can help. Is the sound you're hearing different from in Settings &gt; Notifications?,174554,246525,246526,,
"@AppleSupport No, but the same email account on my iPad doesn’t do this so I’m assuming it’s localised.",@595463 Are the other email accounts that work from the same email service provider?,595463,2013799,2013798,,
@AppleSupport iPhone 7 Plus iOS 11.0.3,"@224493 Let's look into this together. Which device are you experiencing this on, and which software version is it running?",224493,1099722,1099721,,
"@AppleSupport As it seems to be a widespread problem, perhaps you can tell me by public message.",@142155 Thanks for reaching out to us. We'd like to work closely with you and get your iPhone working properly. Please join us in DM and we'll get started. https://t.co/GDrqU22YpT,142155,117939,117938,,
@AppleSupport Thank you for replying to me. I just installed iOS 11.0.3. My device is iPhone 7.,@339645 We’d be happy to help. Which device and version of iOS 11 are you using? Check Settings &gt; General &gt; About to find out.,339645,925547,925545,,
@AppleSupport Where can I see what kills my battery after 3 hours since iOS 11? also the podcast app is virtually unusable in 11. You have lost the plot.,"You can now add more controls to Control Center in iOS 11. Here's a guide. 
Learn more https://t.co/D5hw2gyots https://t.co/cpVyAGxQAg",367717,307416,307332,,
"@AppleSupport I accidentally restored my new iPhone 8 to a configuration of an old one from 2016 via iTunes. So now I have erased the phone and started from the beginning. How should I proceded next time I connect it with my Mac? Should I choose ""new iPhone"" intead restore, right?",@664377 We'd like to do all we can to help you. Can you let us know what exactly is going on?,664377,2286444,2286445,,
@AppleSupport No it’s everything this reply I type and the phone catches up in 20 seconds and just goes - it’s so bad,@154184 We'd like to hear more about what's going on. Let us know in DM if you've noticed this issue with any apps in particular. https://t.co/GDrqU22YpT,154184,1021153,1021155,,
@AppleSupport 7 and video/audio quality is choppy no matter what the connection is,@548341 We know how important FaceTime is and we'd like to help look into this. What device was this on and what trouble were you seeing with FaceTime?,548341,2414297,2414296,,
@AppleSupport About a week.. and 11.1.1,@461025 We'd like to see if we can't help speed things up. When did you see this start to happen? What version of iOS are you currently running?,461025,2975689,2975688,,
"@AppleSupport iPhone 7 Plus, less than a day, drains so fast than earlier, kind of after the iOS11 update.",@443190 We can help. Which iPhone do you own? How long does a full charge last?,443190,1389304,1389307,,
@AppleSupport Yes i am,"@572900 We rely on Contacts and Apple Music ourselves to stay in contact with family and friends and to rock out, so we're right there with you. Are you signed into your Apple ID in Settings and in Settings &gt; iTunes &amp; App Store? Is iCloud Music Library on in Settings &gt; Music?",572900,1924729,1924728,,
@AppleSupport I already did DM you. There isn’t a solution for it. Please add it to the next update. :),@782215 Thank you for the clarification. Let's take a closer look into this together. Join us in a DM by selecting the following link and we'll continue there. https://t.co/GDrqU22YpT,782215,2804395,2804394,,
"@AppleSupport 11.0.2, which I installed yesterday afternoon. I’ve done a hard reset to see if that did anything, but nothing 🙁",@186008 We'd be happy to help with your notifications and battery! Which version of iOS is running in Settings &gt; General &gt; About?,186008,293832,293831,,
@AppleSupport Nope it’s off,@739938 Thanks for the follow up. Let's continue. Do you have larger text enabled under Settings &gt; General &gt; Accessibility?,739938,2773239,2773238,,
@AppleSupport IPhone 7 Plus And iOS 11.0.3,"@299222 Thanks for that info. Which device are you experiencing this on, and which software version is it running?",299222,749784,749783,,
@AppleSupport  https://t.co/y3DXT6prdD,@257658 We'd like to help further. Did following the steps in the article we sent temporarily resolve the issue?,257658,1146691,1146690,,
@AppleSupport It does this . https://t.co/yDFCP2b6N9,@284303 We'd like to help with any issues you're experiencing. Is there currently any sign of charge or activity from your iPad? What happens when it's connected to different charging cables and wall adapters? Here's a guide to help: https://t.co/8MvHMFZ83h,284303,2771784,2771779,,
@AppleSupport Some are downloaded some are streamed. It’s not playing when I’m connected to WiFi nor when I’m on cellular,"@150971 Are the songs you're playing downloaded to your iPhone or are you streaming them? If you're streaming, are you connected to Wi-Fi or cellular data?",150971,152889,152888,,
@AppleSupport I did so.,@129182 We want to help.  Send us a DM letting us know which country you are located in to start. https://t.co/GDrqU22YpT,129182,1071222,1071221,,
@AppleSupport How in the world do I close apps,"Lookin' good just got better. Here's how to take great selfies with Portrait Lighting on iPhone X. 

Learn more: https://t.co/3kGLP76uWa https://t.co/U6gZBSMJQA",278220,162753,162746,,
@AppleSupport so you want me to do the things i’ve already done? how come everyone i know with a 6s or older’s phone is dying so much faster,@536819 We want to help. Have you tried the steps here? https://t.co/bivpdfBNJ6,536819,1786845,1786844,,
"@AppleSupport Ahhhh, thank you! Apparently I don’t know my own finger strength. Ha!",@123527 Glad to help! It sounds like the 3D Touch menu is popping up to share the app. Making apps wiggle for deletion requires a very light touch and steady finger. Hold it on the app using no pressure. Here's a guide with more info: https://t.co/bNH7gNvF9e,123527,2484338,2484337,,
@AppleSupport Thanks a lot for all your help. Problem is solved. Proud i Phone user,@138196 Thank you for the photos. We received your DM and will continue to work with you there.,138196,1684347,1684345,,
"@AppleSupport 11.1.2 , I’ve turned off the background usage and automatic updates. Still draining the battery",@148888 We want to help get your phone working as it should. Which version of iOS 11 is running on your device?,148888,145159,145158,,
"@AppleSupport The feedback clicks all play in sequence when it wakes, so at some level it’s perceiving the switch change and queueing the new state","@433778 Just to confirm, was that 11.0.3? Also, how often was this occurring? Is it every time the iPhone sleeps or does it come and go?",433778,1345663,1345660,,
"@AppleSupport Yes, it went from not connecting at all to only playing Apple Music (rather than Spotify of podcasts)",@147531 Let's figure this out. What's happening when you try to connect? Have you restarted your iPhone since this began?,147531,1099656,1099660,,
@AppleSupport I think I'm going to skip that one,"@481348 We've recently released iOS 11.1.1, which includes the latest bug fixes and improvements. Let's create a backup and update your iPhone following the steps here: https://t.co/80YRnjDFDk",481348,1557115,1557114,,
@AppleSupport it’s 11.1.1,@154028 Got it. Please tell us which version of iOS you have installed on your iPhone. You'll see this in Settings &gt; General &gt; About.,154028,164189,164188,,
@AppleSupport iOS 11.0.3 is installed. https://t.co/9VlJG5yNJT,"@698529 Thank you for clarifying. Does your iPhone have iOS 11 installed, or is an older version still in use?",698529,2434240,2434239,,
"@AppleSupport Phone loading photos again, but losing battery fast just as doc told me he’s in rough shape but stable. What a night. Full backup tonight.","@374948 We know how important your photos are, so we'd like to look into this with you. Can you please message us in DM? https://t.co/GDrqU22YpT",374948,1080756,1080757,,
@AppleSupport But for some reason... my watch will randomly display images they aren’t supposed to! Like these random images. When I touch the screen on my watch the images don’t cycle through again - it cycles only the favorites in the folder. https://t.co/YEybMkX1Js,@532834 Let's look at this together. Which software version are you using?,532834,1772859,1772857,,
"@AppleSupport Yes when I screen record a video off of Twitter or Instagram, when I go back to the video in my gallery the audio from the video cuts off in 10secs",@806810 The article we provided is about screen recording.  Is that what you are doing?,806810,2914659,2914658,,
"@AppleSupport Thank you but please refer to my original tweet.

I was requesting that a calculator be added to the iPad control panel. 

Attached, an excerpt from your attached help page - see marked section. https://t.co/nYr7aoVFak",@267017 We'd like to help! Check out this article for guidance: https://t.co/vodH4madjc,267017,2680286,2680285,,
@AppleSupport Tell me how to roll back the last major update to my phone. It worked back then,@317397 We'll be happy to look into this. DM us and we'll go from there. https://t.co/GDrqU22YpT,317397,1773215,1773214,,
@AppleSupport I phone 7 with 11.0.3,@526318 Let's help get this accessory working again for you. Which iPhone do you have &amp; what version of iOS is installed?,526318,1745533,1745532,,
@AppleSupport Thank you for quick answer! I just sent you a DM explaining it 😄,@536372 Hello there. We'd like to help. Please DM us with more details and we'll go from there. https://t.co/GDrqU22YpT,536372,1785234,1785233,,
@AppleSupport Why is Messages in the background for this long? What’s up with that?,"@603037 Are you having issues with your iOS battery? If so, these steps can help: https://t.co/bivpdfBNJ6 DM us if needed. https://t.co/GDrqU22YpT",603037,2039480,2039479,,
"@AppleSupport Yes I know, I’ve been able to do that then it stopped working &amp; I’m not sure why","@135074 Thanks for clarifying this. When you see ""No Service"" it means your iPhone can't connect to your cellular providers network. You should have the option to send and receive iMessages via Wi-Fi if you don't have access to the cellular network.",135074,87167,87166,,
@AppleSupport I managed to re-add but the issue persists. It does not show any email. I'm on iPhone 6 iOS 11.1,"@450139 We'd like to look into why you can't re-add your email. To start, can you let us know which iPhone and iOS version you're using?",450139,1420123,1420122,,
"@AppleSupport yes.. once i just press the home button to see the time., the wifi turns on in the phone automatically.","@171699 It sounds like you're saying that your Wi-Fi is back on in the morning even though you turned it off at night, right?",171699,233934,233938,,
@AppleSupport I called in and they were very very helpful. All is solved. But updated instructions online would be nice.,@348088 For iOS 11.0.3 go to Settings &gt; your name &gt; Password &amp; Security. DM us if that doesn't help and we'll continue with you there. https://t.co/GDrqU22YpT,348088,961128,961127,,
"@AppleSupport I can’t be sure, I only FaceTime 1 person.","@672691 OK, perfect! Is this happening with only one contact or does it happen with all contacts?",672691,2321343,2321342,,
@AppleSupport What next after hitting this wall? https://t.co/1Z0cPXpMlb,@268858 We advise to contact our Account Security experts in phone support in order to help more directly with this problem. You can reach them by going to: https://t.co/UJm15vmMM2,268858,2900379,2900378,,
@AppleSupport 😊,@292076 Hi there. We've received your DM and we'll continue there.,292076,1778412,1778411,,
"@AppleSupport My iPhone and MacBook, I can see other ones just not ones tailored to me",@309312 Which device are you using for your music? Do you see other playlists on your device?,309312,793981,793980,,
"@AppleSupport Toronto, Ontario, Canada.",@201500 We're happy to assist. What country are you currently located in?,201500,361077,361076,,
"@AppleSupport Appears to be an issue with iCloud preferences. It asks for password which I provide, then sends me verification code, but no box provided.",@741580 Let's get you back to being productive with your emails. Do you use iCloud for your work email?,741580,2625360,2625358,,
"@AppleSupport Yep still does it, my screen jumps too occasionally when opening and closing apps 😕",@814289 We’re happy to look into this further with you. Let us know if the issue persists after you restart your iPhone following these steps: https://t.co/OWRDHWSt4h,814289,2948393,2948392,,
"@AppleSupport Yes, mostly within google maps and Snapchat",@437427 Where are you typically seeing the freezing? Is it within certain apps?,437427,1363269,1363268,,
@AppleSupport I sent a PM,"@540418 To clarify, you are trying to add your Google account to Calendar on your Apple device, correct? https://t.co/GDrqU22YpT",540418,1798577,1798576,,
@AppleSupport Hi my Applecare Case Number: 100305643295 The defective iPhone 5s phone was reported to the side to be replaced with the new one because it was not possible to repair it. But there is no improvement.Good job if you help me .. good work,@458261 Let us know how we can help. Tell us more about what is happening there.,458261,1457395,1457394,,
@AppleSupport oh it happened again few minutes ago when i wasn’t even using my phone,@172543 We’d like to help get you back to enjoying your iPhone. Does this only happen when you're using certain apps?,172543,237457,237456,,
"@AppleSupport No, Att says they are waiting in on Apple.",@201773 Thanks for reaching out to us for support. Was this an order placed on the Apple website?,201773,362083,362082,,
"@AppleSupport I've spent my whole day at your woodfield &amp; oakbrook apple locations, as well as put in my CC info and still don't have a working phone...",@398649 We can understand needing access to your iPhone and we'd like to get it working right again. Please DM us here: https://t.co/GDrqU22YpT,398649,2464424,1185061,,
@AppleSupport DM has been sent .,"@526654 We can figure this out. Meet us in DM with your iPhone model, please. https://t.co/GDrqU22YpT",526654,1746925,1746924,,
"@AppleSupport And I simply can’t access that video with no other app, except from the video app from apple, that only let me play the video, nothing else",@261509 OK. Would you please clarify a bit more for us please? Where did the video in question come from? Which app are you using?,261509,820674,820672,,
@AppleSupport @476798 Help me too. This is ass!,@476798 We want to help you get things working smoothly. Send us a DM and we'll continue from there. https://t.co/GDrqU22YpT,476799,1538037,1538036,,
@AppleSupport Mainly iMessage but also Facebook Messenger. I would say it is laggin 75% of the time.,"@770585 Great, thanks! We understand the importance of the keyboard responding like you expect it to, and we're committed to helping. Does the behavior seem to occur in any particular apps or apps? Does it occur off and on, or does it always perform the same?",770585,2752682,2752681,,
"@AppleSupport Actually have it set to go off after 2 minutes.   After setting timer via Siri, it stayed on for 19 minutes before I noticed. https://t.co/pyK362a2zQ","@134128 Thanks for clarifying this for us. Just to double check, do you have the screen set to sleep after 5 minutes still?",134128,1871685,1871686,,
@AppleSupport Since high Sierra upgrade. Similar set up works fine under Sierra. Clean install.,"@505213 Thanks for reaching out to us for support. When you have a free moment, please tell us when you first encountered this issue.",505213,1655489,1655488,,
"@AppleSupport I was expecting them to sync, either via iTunes Match or on iBooks. Ones purchases through iTunes seem to appear in ibooks but others don't",@711720 You're welcome! Are you attempting to add the same audiobooks to your iPhone from your computer?,711720,2493135,2493137,,
"@AppleSupport first noticed today, Friday being new music day 😊 running iOS 11.0.3 in UK 🇬🇧  It was there earlier in week I’m sure 😅",@373237 We're happy to look into this with you. Which iOS version is installed on this iPhone? When did you first notice this change?,373237,1073192,1073191,,
"@AppleSupport Ever since I upgraded my phone doesn’t work, the alarm doesn’t work and it freezes all the time so I have to restart several times a day.",@444299 Hi. Tell us more about the issues you're having and we'll do what we can to help.,444299,1394497,1394496,,
@AppleSupport Tried that. Didn’t work. Now I️t is happening for various words. Randomly.,@497977 Here’s what you can do to work around the issue until it’s fixed in a future software update: https://t.co/xXaXeeSRt9,497977,1626242,1626241,,
"@AppleSupport I’ve done both. In iTunes it wasn’t there at all, it just said purchased. Thank you for replying.",@223857 Are you currently in the iTunes Store app or are you inside the Music app? If in the iTunes Store then you'll want to look up the album in the Music app.,223857,458393,458391,,
@AppleSupport I have 11.0.2. I think I may but I tend to get my gifs from the internet,@769545 Which version of iOS 11 is currently installed on the iPhone? Do you utilize any third party applications for your keyboard or for GIF's in general?,769545,2748386,2748385,,
"@AppleSupport @277833 Yeah, let's just update it some more. 😂😂",@277833 We want you to have a reliable iPhone. Have you tried backing up and updating to iOS 11.0.2 to see if that helps?,277834,662426,662425,,
@AppleSupport I need to leave group texts,"Introducing the new Control Center in iOS 11. Now customizable.
Learn more https://t.co/fCNsZCyS3P https://t.co/WiFGzhh3AZ",193646,6791,6658,,
"@AppleSupport Tried several times, but it still persists ! Can you help ?",@265342 Hey there. We want your device to work as expected. Let's see what we can do to fix this. Have you tried restarting with these steps: https://t.co/OWRDHWSt4h Let us know if this helps.,265342,611287,611288,,
"@AppleSupport Yep, just those apps so far. Happened while phone was unlocked.",@595262 We're happy to work with you. Does this only happen with the apps in the screenshot? Please send us a DM with more info. https://t.co/GDrqU22YpT,595262,2013134,2013133,,
"@AppleSupport @230810 Wow, what service!  I hope my DM gets such special attention. ;)",@230810 Do you want us to take a look at what's going on? Send us a DM and we'll do our best to get to the bottom of what's happening. https://t.co/GDrqU22YpT,549297,690434,690429,,
@AppleSupport Thank you will do it now,"@161543 Gotcha. Let's work together via DM. Please click here to continue, then share your iOS version (Settings &gt; General &gt; About): https://t.co/GDrqU22YpT",161543,193689,193688,,
@AppleSupport Oh wow! a workaround for something that broke which was totally fine until it was screwed up. Nice! Safe to say ios11 needs to be sunsetted,@159626 Here’s what you can do to work around the issue until it’s fixed in a future software update: https://t.co/uQeXsrrlXJ https://t.co/GDrqU22YpT,159626,185505,185504,,
"@AppleSupport I updated yesterday and legit no app is working properly. I’ve reset my phone, even reset all content. Still extremely slow",@497966 Let's jump on this together. How long ago did you update your device?,497966,1626197,1626196,,
"@AppleSupport sure, I press the button and currently nothing happens (iTunes is open, ready 2 play). Or it pauses the Twitch stream I’m watching.","@301550 We're happy to help. Please let us know more about the issue. For example, is this a keyboard button, or a button in an app, etc.",301550,759834,759836,,
@AppleSupport You've helped me with this before with the last iOS update!,@221219 Send us a DM and let us know more details. We'll be happy to work on it with you.,221219,448363,448362,,
@AppleSupport It's all good I'm at @32019 in Apple getting everything covered now,"@739039 We're here for you. If your iPhone is disabled, you'll find assistance at the following link: https://t.co/F1QfwW1u1N

Let us know if this helps out and we'll go from there.",739039,2614303,2614302,,
@AppleSupport @703372  https://t.co/0BnZDBvJ9o,"@703372 iOS 11.1.1 was recently released and it includes a fix for autocorrect issues. Be sure to back up your device prior to updating, and let us know if the issue persists afterwards. How to back up: https://t.co/4f8hwT5to6 DM us if you need further assistance. https://t.co/GDrqU22YpT",703373,2455353,2455352,,
@AppleSupport PERFECT! I AM SO THANKFUL! ♥️ Happy customer here!,@509263 Here’s what you can do to work around the issue until it’s fixed in a future software update: https://t.co/xXaXeeSRt9,509263,1673592,1673591,,
@AppleSupport It’s all fixed! Thanks for contacting me 😀,"@774813 We'd love to help and look into this with you. It sounds like your Voicemails are missing since a recent update, is that correct? To ensure we're on the same page, which device and version of iOS are you using?",774813,2771892,2771891,,
@AppleSupport It’s just a white screen. It’s updated to 11.0.3,"@340170 We’ve got you covered. What’s happening with your Music app? Also, were you able to update your iOS to 11.0.3?",340170,1052197,1052198,,
@AppleSupport 11.0.2 version is not properly work in iPhone 6 and not work Facebook app properly,"Switching between apps a lot? 

With Slide Over in iOS 11 you can quickly open a new app on #iPad, without leaving the one you're in. https://t.co/RtCJNfzOqJ",279774,235263,235261,,
@AppleSupport Updated all apps I can. Restarted the phone several times.,"@261196 Let's help. Since updating iOS, have you also updated your apps? Next, does restarting return the notifications to normal?",261196,1450876,595849,,
"@AppleSupport IOS 11.1.1, my battery is reducing really quickly","@669162 We're here to help. What issues are you noticing with your iPhone? Also, under Settings &gt; General &gt; About, what version of iOS are you on?",669162,2306622,2306621,,
@AppleSupport Ever dot build did not make it better,@558999 We're here to help with all issues. What's happening with it after updating and which model do you have? Tried any steps?,558999,1871930,1871925,,
@AppleSupport  https://t.co/9KCqUxjyK7,@770206 We'd love to help with your screen trouble! Could you describe a bit about the glitch you're experiencing?,770206,2751123,2751121,,
"@AppleSupport Rotation freezes on iPad mini. Home button press when locked freeze sometimes on iPhone 8, works after 7 Presse or so.general freeze on iPhone 8 sometimes at home https://t.co/Qc0biGdbBH app forgets video recording resolution setting. Latest iOS.",@754888 We want to help. What happens with iOS 11? Tell us more.,754888,2683941,2683939,,
@AppleSupport Do you have the UK contact details please?,@431470 Our online store team can help check into that with you. You can reach them here to get started:  https://t.co/8yjRd1Xo0i,431470,1335219,1335218,,
@AppleSupport How about having every iOS update not break everything in the first place? I regret ever updating to #ios11 this is terrible.,"@237554 If this only happens in third-party apps, &amp; there are no updates available, you'll want to reach out to the app developer.",237554,1721847,1721846,,
"@AppleSupport WTF ; iphone really sucks.. trying to show how to dispose, disgusting; first fix #error56 #iphone dead updating #ios 11","Planning to upgrade your iPhone? Here's how to get it ready for recycling with Apple Renew.
Learn more https://t.co/eapHJSgiLZ https://t.co/NqdmLHp5Ex",370404,1365590,1365562,,
"@AppleSupport Yes that works. But I ended resetting it and lost my pictures and text messages since my backup failed. Wow. So it’s another wide-spread software bug. Why, @115858? Your customers deserve better.","@251591 We want to help. First, we'd suggest following the steps here to resolve the issue: https://t.co/osZOKKTalm If you need further assistance, let us know.",251591,562376,562375,,
@AppleSupport Can we install and use it? Is it a crime?,@303907 A VPN (virtual private network) provides secure access over the Internet to private networks: https://t.co/ZAkRmeAG7F,303907,770140,770139,,
@AppleSupport Wifi and mobile network,@413800 We want to help. Does this happen if you are on a Wi-Fi network? DM us the answer and we'll look at any issues you're having there. https://t.co/GDrqU22YpT,413800,2893298,2893297,,
@AppleSupport Did we just become best friends?,@518396 You're welcome.,518396,1711289,1711288,,
"@AppleSupport just did the latest update and here we go again.. i can’t place any calls or texts but i can however, use facetime...","@223867 That's not the experience we want you to have, and we'll do all we can to help. When did you last update, and what iOS version are you currently on? Do you recall doing anything specifically that restored service to your iPhone, such as restarting your device?",223867,458425,458424,,
@AppleSupport Thank you for not making me lose my shit !!!,@486852 We've got steps that can solve that. Check those out here: https://t.co/xU1AGHStV6 and let us know if that doesn't help.,486852,1581463,1581462,,
"@AppleSupport Why do you only reply to new issues, immediately move them to DM, then ignore them?",@128896 Is iTunes currently updating in the App Store? Let us know in DM and we'll look into this. https://t.co/GDrqU22YpT,128896,56948,56947,,
@AppleSupport I tried that first and have done so a few times since. No change,@423588 Often times restarting your device can help to resolve unexpected behaviors. Let's see if that helps.,423588,1299005,1299004,,
@AppleSupport As per latest media news apple india announce the warranty of iPhone in India even of they are purchased outside india. Please respond on DM,@479142 Great question! We're glad to go over details of the warranty and any restrictions to note. Please DM us to proceed. https://t.co/GDrqU22YpT,479142,1547568,1547567,,
@AppleSupport Yup and I've even turned the iPad off and back on again. It was working fine before the iOS update,@148659 Thanks for reaching out to us. We are always happy to help. Is your Netflix app up-to-date? https://t.co/GDrqU22YpT,148659,236420,236421,,
@AppleSupport Yes twice,@388586 We'd love to help out. Has the device been restarted since it happened?,388586,1141024,1141025,,
@AppleSupport 11.1 and it happens when using twitter and Instagram and a few others,@674148 We'd like to help. Which iOS version are you currently using and which app are you using to play music? Does this happen with or without headphones?,674148,2341835,2341834,,
@AppleSupport Hey! Im currently logged in using my AppleID on my phone - but when trying to use the same ID on my Mac it’s saying incorrect password 😭 which means I can’t download the new updates to get the new iTunes 😩 any ideas? Thanks you x,"@374563 Let's tackle this together. You say that they're not working, but could you tell us how they're not working? Thanks!",374563,1079165,1079167,,
"@AppleSupport it appeared to be.They gave me the phone blank, nothing was stored nor saved when I walked out of the store with he new phone","@195070 Prior to restoring your backup, was the iPhone working correctly?",195070,332098,332095,,
@AppleSupport Phone still freezes and crashes on 3rd party apps ... shameful update of iOS 11.03 ... Apple needs to maintain its standards like before ...,"Want to see what your friends are listening to? Create your Apple Music profile to get started.

Learn more: https://t.co/ZSU5dsSxAr https://t.co/yAWk5arILJ",438379,1940705,1940698,,
@AppleSupport Thank you! It’s on an iPhone7 Plus running on iOS 11.0.3. So far I’ve restarted my phone &amp; also toggled iMessage on and off but no luck. Lol,@405412 We're happy to take a look in to this with you and figure out what is going on! What device is this on?,405412,1216339,1216338,,
@AppleSupport I️,@282767 We'd love to help.  Let us know the issues you're seeing and we'll go from there.,282767,682037,682038,,
"@AppleSupport I did the latest update at that time and it worked well.  The day before your last update, it started dropping again. I updated again last week and it still drops.",@774928 We want to help. Let us know if you still have issues after doing the latest update and we'll look into why this is happening.,774928,2772449,2772448,,
"@AppleSupport Noted, thank you. Can I suggest this is a design issue that needs to be addressed? Leaving personal hotspot on unnecessarily is a serious power drain. Notifying the user could help avoid this and thus preserve precious power.",@21723 The only other way to see if Personal Hotspot is enabled or not is by using 3D touch on the network toggles in Control Center where you can quickly turn it on or off.,21723,146633,146632,,
"@AppleSupport sidenote — did this after clean install.
ICYMI: #macOSHighSierra #Security #Update 2017-001 doesnt take effect until restart. no explicit warning ⚠️ to do restart after installation. 
i guess it's a good habit to do system restart after installation of updates/patches",@253140 We'd love to help you get this sorted out! Have you installed all of the updates available for macOS High Sierra?,253140,567633,567632,,
@AppleSupport Yes lt does. Stil there after reboot and hard reset,@308116 Got it. Does it still show double in Location Services after restarting the phone?,308116,788866,788865,,
@AppleSupport Thanks Apples.,@576451 We can help with that! Go to Settings &gt; Do Not Disturb &gt; Do Not Disturb While Driving &gt; Tap Activate &gt; Choose Manually,576451,1937845,1937844,,
@AppleSupport I need this resolved ASAP I haven't been able to use my phone at ALL,@456298 We're here to help. Can you tell us if you are updating applications or are you trying to update the operating system?,456298,1449266,1449265,,
@AppleSupport I've tried all those steps it still just shows a charging screen,@290625 We'd like to help. Let us know if you've tried the steps here: https://t.co/8MvHMFZ83h,290625,713379,713378,,
@AppleSupport Yea figured that out. Thought the control center works like a shortcut to enable and disable settings to cut off time going to settings,"@172561 Great question! To disable Wi-Fi and Bluetooth, you must visit Settings. Learn more here: https://t.co/G7BHuQnDS6",172561,237546,237545,,
@AppleSupport Phone isn't even how old yet and I'm having more problems than my iPhone 6!,@664803 This is not the experience we want you to have. Please meet us in DM so we can gather more details and take a closer look at this with you. https://t.co/GDrqU22YpT,664803,2410196,2410194,,
"@AppleSupport @273074 Nah wey don’t even trip , Samsung got my back hoe .",@273074 You're in the right place for help! We want to ensure your iPhone is working as expected. Provide us with a detailed description of what's happening and we'll go from there.,273075,644965,644964,,
@AppleSupport @178615 Nothing I gotta galaxy I'm all good lol,@178615 What's going on? How may we help you today? Send us a DM with as much information as possible so we can assist. https://t.co/GDrqU22YpT,520735,1566867,1566865,,
@AppleSupport many times occurs while sliding down,@550975 Thanks for bringing to our attention. Does this occur after a restart? Does it happen with one particular notification?,550975,1838016,1838017,,
"@AppleSupport I just installed the new update, I think it solved the issue. Thanks!",@238856 Have you tried restarting your iPhone since this started happening?,238856,515842,515840,,
"@AppleSupport no they’re not in the calendar app and i’m not sure, i’ve never clicked them","@579762 Are your Reminder entries also listed in your Calendar app? If you tap one of the notifications, where does it take you?",579762,1952437,1952438,,
@AppleSupport ?????,@583350 That's good news. Reach out to us via DM if the sounds return. https://t.co/GDrqU22YpT,583350,1968996,1968993,,
@AppleSupport This wasn’t the case before your latest update,"@668216 Great. We have some steps for you to take, to ensure your iCloud contacts are synced to your device: https://t.co/G3RWMwaBju",668216,2302740,2302739,,
@AppleSupport @421320 Omg apple i see new sponsor coming,"@421320 Thanks for letting us know. We'd like to look into this with you, so shoot us a DM with any details and we'll go from there. https://t.co/GDrqU22YpT",594022,2008847,2008846,,
@AppleSupport the problem is still occurring after updating to the most recent IOS update,@154028 Great. Please keep us posted on the results.,154028,164195,164194,,
@AppleSupport iPhone 5s,@278732 Screen recording is a great feature that we want you to take full advantage of. What's going on with it? Which device are we using?,278732,666270,666269,,
@AppleSupport I don't understand this at all.  I'm sure that I'm not alone in wanting to be able to listen to podcasts without my phone while exercising.,"@702932 While that isn't currently an option, we love suggestions! Please leave those for us here: https://t.co/eTPVYVFyd8",702932,2453631,2453630,,
@AppleSupport Thank you for getting back to me. My email program quits when I open it after about 3 seconds ?,@358476 Let’s team up on this situation with your email. What email provider do you use? Are you unable to both send and receive email?,358476,1007776,1007775,,
"@AppleSupport @343499 Apple, why not begin with FIXING everyone’s phones?? That’d be a great idea, right?",@343499 Let's begin by backing up and updating to iOS 11.0.3. This article can help: https://t.co/8xihd9VRBM DM if the issue continues.,327472,942780,942779,,
"@AppleSupport every single thing that was downloaded to my phone and every song added to my library in over a year is no longer in my phone library. this has happened before, probably just a glitch in my phone. just really frustrating","@813955 We'd like to look into this with you. To make sure we understand, since updating you've lost some downloaded music through Apple Music, is that correct?",813955,2946998,2946997,,
@AppleSupport I am using the iPhone X,@450288 Let's take a further look into this. Which device are you using the app on?,450288,1693332,1693331,,
@AppleSupport Thanks! With Mac AOK! Which is what I need since were moving out while renovations in progress. Will get onto looking at iPad issue when I get back home! Thanks!!,@801684 We're happy to look into this with you. Are you able to connect other devices to your Personal Hotspot? You may also want to take a look at the troubleshooting steps here: https://t.co/BpXde6g2r7,801684,2892135,2892134,,
@AppleSupport @AppleSupport https://t.co/eGIRKpdnNW,@247529 We offer support via Twitter in English. Get help in Spanish here: https://t.co/IBIY3vMgPj or join https://t.co/OczyRx7IOs,247529,559168,559167,,
@AppleSupport I have the 7plus and ever since I updated the software it freezes or my apps will get stuck for a few seconds ;(,@334519 We're happy to work with you on any issue you're experiencing. What's going on?,334519,903668,903667,,
@AppleSupport Helllo ? Reply to me !,@443574 We'd love to help! This article has information on changing your payment method. None is an option: https://t.co/Y0YoIRcZa7,443574,1812293,1812291,,
@AppleSupport As soon as @AppleSupport replied it downloaded,"@669072 We're here for you. If you haven't done so already, restart your device. Also, does it come up any errors?",669072,2306247,2306246,,
@AppleSupport That fixed it,@123068 We'd recommend creating a backup of the data on both devices and updating to iOS 11.1. Please let us know if this helps.,123068,31956,31957,,
"@AppleSupport Yes, several times, those two updates keep on coming.",@217171 Thanks for reaching out.  We want to help.  Have you tried re-starting your computer &amp; checking updates again?,217171,429583,429582,,
@AppleSupport @600811 Fix your phones,@600811 We want to be sure you get the most from your iPhone's performance. We can help. DM us and we'll go from there. https://t.co/GDrqU22YpT,600812,2031839,2031838,,
@AppleSupport I don't know it says there's a update and I clicked to get it but it's not working sometimes it says 1h to go,@202411 Hi there. Are you connected to Wi-Fi? Check here for tips: https://t.co/6rYhjnPAcy Which iPad Mini model do you have?,202411,364717,364716,,
@AppleSupport On emails it’s coming up with old ones saying they aren’t read. My contacts are fine but in my messages it will say Maybe:name. See picture https://t.co/FmlPWopQZx,"@371024 We can help. Give us some details on what you’re noticing with email. Also, what happens when you try to access contacts?",371024,1063102,1063101,,
"@AppleSupport I have faced this issue multiple time now , I hv cleaning my Apple Watch ⌚️ at regular basis. Not sure what is the issue 😔",@137159 When did this start for you? Let's try cleaning the Apple Watch to make sure there is no debris that can be affecting the sensor.  https://t.co/VxlvpoL1kr Reach out to us in DM if the issue continues https://t.co/GDrqU22YpT,137159,96942,96941,,
@AppleSupport Fix the damn bugs. I went from 10.3.3 to 11.1 and it’s still buggy and slow.,"Updated your #iPad to iOS 11? Here's a look at the new Control Center and App Switcher.

Learn more: https://t.co/I8S8tdA4ZP https://t.co/enQf8rktyS",666677,2295786,2295759,,
@AppleSupport Omg just fix it,@261294 Here’s what you can do to work around the issue until it’s fixed in a future software update: https://t.co/qODbOsp4wz,261294,2248202,2248201,,
@AppleSupport  https://t.co/h5QGlm6Vl3,"@135596 Hey, can you tell us what's going on with the Mail app, specifically? Also, to clarify, are you referring to the native Mail app or a third-party mail app? Let us know some details and we'll work towards a solution.",135596,90552,90550,,
@AppleSupport It’ll just keep preparing to download https://t.co/owJdnBWdXp,@431281 That's not good! We want to help get that working again. What happens when you attempt to download an app?,431281,1334360,1334359,,
@AppleSupport I’ve downloaded the suggested software update and my phone is still restarting sporadically,"@248287 We know that the performance of your device is important and we'll do everything we can to resolve this. To get started, let's update to iOS 11.2 to resolve the restart issue. Here's the link below:

https://t.co/osZOKKTalm",248287,550692,550691,,
"@AppleSupport No, just backing up for along time and no massage at all",@208638 We're happy to help. Can you tell us what happens when you try to create a backup in iCloud? Are you getting an error?,208638,391255,391254,,
@AppleSupport please fix your app store servers.. it’s not working I tried thousands times I can’t download or update any applications!!,@379498 We'd love to help. Tell us about what happens when you try to update or restore the iPhone. Are you receiving any messages?,379512,1099648,1099647,,
@AppleSupport Yea did that....doesn’t work in apps like Twitter and IG though. Thanks for the suggestion....,@505829 Here’s what you can do to work around the issue until it’s fixed in a future software update: https://t.co/xXaXeeSRt9,505829,1657820,1657819,,
@AppleSupport @127217 Same here. It’s much worse. It’s as if you guys are deliberately ignoring this problem.,@127217 Thanks for reaching out to us. We are always happy to help. Send us a DM so we can look into this issue with you there. https://t.co/GDrqU22YpT,127216,50080,50081,,
@AppleSupport With SoundCloud and Audible as well,"@123845 OK, is this only happening with the Spotify app? Do you experience the same behavior with the Music app?",123845,234985,234984,,
@AppleSupport Thats the problem there is not a button or anything to add to wallet,@189154 What happens when you attempt to add it?,189154,2367720,2367719,,
@AppleSupport Islamic.. it’s one day behind,@650608 We'll do all we can to help. Which alternate calendar are you using and how far off is the date?,650608,2229422,2229421,,
@AppleSupport Turning off Location Services doesn’t help. Neither does turning off Background App Refresh.,@290057 Let's rule out some possible causes. Does it happen if you disable Background App Refresh?  https://t.co/w2fdi1mcZF,290057,711074,711073,,
@AppleSupport So that screen shot I sent you is nothing to worry about?,"@157656 We appreciate that, thank you! Check out our page here for some helpful info: https://t.co/V2QRdtocGo DM us with any questions. https://t.co/GDrqU22YpT",157656,1301886,1301885,,
@AppleSupport And yes 11.0.2,"@282222 We'd like to help, but we'll need more details about what's happening to help. Also, is iOS 11.0.2 the one installed?",282222,679915,679913,,
@AppleSupport @526932 Tried that ages ago and i️t doesn’t fix i️t,@526932 Here’s what you can do to work around the issue until it’s fixed in a future software update: https://t.co/xXaXeeSRt9,526933,1747998,1747997,,
@AppleSupport 2/2 comes out of the speaker and people can’t hear me. The microphone and speaker work fine if used for non call purposes.,@313809 Of course and we can help! Which iPhone and iOS 11 version are you using now? What happens when using the call features?,313809,813326,813325,,
@AppleSupport it’s very slow and glitches a lot !!!!!!,@321034 We are glad to help. What issue are you having with your iPhone?,321034,845799,845800,,
"@AppleSupport Yes ofcourse, iphone 6s version 11.1.2 (15B202)","@138153 We'd be happy to look into why that Apple ID is popping up now, and see what we need to do to get it to stop. To get started, can you tell us which iPhone and iOS version you're using? You can find the version by going to Settings &gt; General &gt; About &gt; Version.",138153,101236,101235,,
"@AppleSupport I did the steps again and it worked after about 30 minutes, I did the same with Mickey face and heard nothing yet",@793348 Did Minnie's voice only work 30 minutes later after downloading it or did it just start on its own without completing the steps?,793348,2853863,2853862,,
@AppleSupport I,@482933 We can help out. Check this article for some steps on taking care of this text replacement issue. https://t.co/xU1AGHStV6,482933,1563956,1563955,,
@AppleSupport Thanks! It worked.,"@665915 iOS 11.1.1 was recently released and it includes a fix for autocorrect issues. Be sure to back up your device prior to updating, and let us know if the issue persists afterwards. How to back up: https://t.co/4f8hwT5to6",665915,2293124,2293123,,
@AppleSupport 11.1.2 iPhone 7+,@156557 This is not normal behavior. Let's look into this together. Can you provide us the iOS version on your device? This can be located in Settings &gt; General &gt; About &gt; Version. Which model iPhone are you experiencing this issue with?,156557,557901,557900,,
@AppleSupport Why does it crash so fucking much? Why is music Ive purchased not available because I dont have apple music? Do you guys purposely poison us,"@526321 We're happy to help. Please share a few details, and we'll get started.",526321,1745548,1745547,,
@AppleSupport Love the new location btw https://t.co/HDyzUySM4g,@342216 We'd like to hear more about what's going on. DM us and we'll look into it together. https://t.co/GDrqU22YpT,342216,937383,937381,,
@AppleSupport @501249 sorry i used your tweet but it was the first one I saw that had ?’s hahah,"@501248 Let's discuss this further. To continue, please DM us with more details pertaining to your issue. https://t.co/GDrqU22YpT",501248,1639285,1639284,,
"@AppleSupport I just cleaned it all with a damp, lint free cloth and it seems to be working alright again (it is a 13 inch Macbook pro).  Thanks for your help!!!!!  :) I think I might invest in a keyboard cover in the near future ;)","@379724 Thanks for the clarification. As to what you mentioned earlier, your local Apple Store may offer this. Otherwise, we suggest using a soft, lint-free cloth.",379724,1100803,1100804,,
@AppleSupport iOS 11.0.3 and all my apps have been updated,@200266 Thank you for letting us know that you're having trouble. Which version of iOS are you using under Settings &gt; General &gt; About?,200266,354522,354521,,
@AppleSupport I’m in my house with a 20MB WiFi,"@518860 Let's get you up and running. Do you have access to a Wi-Fi network, or a spot with stronger cellular for this step?",518860,1713052,1713053,,
"@AppleSupport ..many hours I tried to open ‘..some connection issue, please try after some time. I tried again after a few hours it got on. Took whole day","@374155 Please send us a DM with some more details. By hung up, do you mean frozen? What apps were you using? https://t.co/GDrqU22YpT",374155,1077274,1077272,,
@AppleSupport I got the latest update,@490505 We recommend updating to the latest iOS 11.1. This article will help: https://t.co/ahjigcvFRG Keep us posted on the results.,490505,1596632,1596631,,
@AppleSupport It’s been buggy since you all released the major update. Your fixes aren’t working,"@242573 If you're having issues, we'd like to help. DM us &amp; tell us more about what's going on &amp; what version of iOS is installed. https://t.co/GDrqU22YpT",242573,1859689,1859688,,
@AppleSupport Haptic feed back isn’t felt with 3D Touch everytime,@165214 We can help with your new iPhone 8 Plus. What happens when you press an app icon on the Home screen?,165214,208029,208028,,
@AppleSupport It's a long story. I have a callback scheduled from Tech Support this morning. We'll see how that goes.,@175302 Send us a DM and let us know more about the issue you're experiencing. https://t.co/GDrqU22YpT,175302,1508004,1508003,,
@AppleSupport Information sent.,"@142509 The link in our last tweet allows you to arrange a call-back. We can also create that for you if needed, meet us in DM so we can gather the information to proceed if you prefer. https://t.co/GDrqU22YpT",142509,119485,119484,,
"@AppleSupport The 3 things I’m allowed to move or remove don’t make a difference. All it does is leave spaces.
I want my concise control center back.

Maybe the next update will be better thought out.",@554491 With iOS 11 you can customize the Control Center. This article will show you how: https://t.co/vodH4madjc Questions? DM us. https://t.co/GDrqU22YpT,554491,1852916,1852915,,
@AppleSupport 7Plus with branded cord and adapter. The same ones that worked perfectly prior to the IOS update,@321056 We're here to help. Which model device are you using? Are you using the Apple branded charging cord and adapter?,321056,845893,845891,,
"@AppleSupport Working fine after that day.
thank you",@151390 Please keep us posted. We'll want to test this on more than one Wi-Fi network and on cellular data in order to properly isolate the issue.,151390,154438,154437,,
"@AppleSupport @118721 @2310 A solution. I don’t want anything for free. Lend me a new iPhone for 24 Hours. If it works, I will buy a new one.",@299009 Let's go ahead and continue in DM so we can gather a bit more info. https://t.co/GDrqU22YpT,299009,2187697,2187696,,
"@AppleSupport Random, even does it on home screen",@197985 Let's help. Is this happening completely at random or mainly when using specific applications?,197985,344644,344643,,
@AppleSupport my alarm didn’t go off lmao,@516014 We want to help make sure you upgrade goes smoothly. Could you give us a little detail as to the issues you are experiencing?,516014,1701922,1701921,,
@AppleSupport everywhere!,"@761174 We can help you with this. Are you seeing this on outgoing messages, incoming messages, or both?",761174,2710964,2710963,,
@AppleSupport Got it. Just downloaded 11.2 and expected to see it. Will Watch for it next week. Thanks!,"@254358 Thanks for reaching out. If you're in the US, those features will require iOS 11.2 and will begin rolling out early next week.",254358,571867,571866,,
"@AppleSupport There is nothing to assist me with... iOS 11’s battery optimisation is shit and that’s all there is to it. Background App Refresh and Raise to Wake are off, 95% of the day at lowest brightness, barely any data usage... and I get 4-5 hours of usage. With data enabled I get like 3.",@666619 We’re here to help. Let’s team up in DM and we’ll do our best to assist you. https://t.co/GDrqU22YpT,666619,2295912,2295911,,
@AppleSupport I've already contacted Apple Support ..,@785471 We can help with your current device. Send us a DM and we can go over some options. https://t.co/GDrqU22YpT,785471,2817850,2817849,,
@AppleSupport See the complaints?! Those are my issues too. Fix it!,@316689 We're here for you and would love to assist you with these issues. Please click here to join us in DM. We'll continue there: https://t.co/GDrqU22YpT,316689,2280351,2280349,,
"@AppleSupport * wasn’t really asking for support, sry. It appears to be an unresolved system or iCloud bug https://t.co/SImnJgoTIc","@393323 Tap ""Details"" for more information, or you can view the steps to change your password here: https://t.co/1bdxga98HA",393323,1161751,1161749,,
@AppleSupport @479446 Same issue here. How do I fix it?,"@479446 We're here to help. If you encounter any further issues, feel free to DM us: https://t.co/GDrqU22YpT",479447,1548808,1548807,,
@AppleSupport Hey @AppleSupport What’s the latest on the case you set up five days ago for my non-functioning iPhone battery?,@571532 We know how important it is to have your phone working properly. Please click here to join us in DM. We'll continue there: https://t.co/GDrqU22YpT,571532,1919705,1919704,,
@AppleSupport Sprint told me that you will replace the phone.,@272345 We want to help. Have you tried force restarting your iPhone X? Check out this article on what to do if your iPhone won't turn on: https://t.co/YtirCCKOxq DM us if you need additional assistance. https://t.co/GDrqU22YpT,272345,641954,641955,,
"@AppleSupport Brilliant, thanks again x","@743077 Sounds like a plan! Feel free to reach out to us if we can be of any further assistance. Our office hours are 7 days a week, from 5AM - 8PM PDT. If you contact us after business hours, rest assured we'll respond the following day. https://t.co/GDrqU22YpT",743077,2631546,2631545,,
@AppleSupport No. It’s ever since I installed the latest iOS update unfortunately.,"@580354 Were the temperatures outside of 0º and 35º C? If so, this might temporarily shorten battery life: https://t.co/otCvUAaFQq",580354,1955243,1955244,,
@AppleSupport Fixed it thanks. You’ve released iOS 11.2 beta on iPhone X,@591859 Hello and congrats on the iPhone X. Could you let us know more details via a DM? We’ll keep moving forward from there. https://t.co/GDrqU22YpT,591859,2001599,2001598,,
"@AppleSupport Today, but like I said,,if I’ve turned it on first thing in the morning and had the problem","@151814 Just to clarify for our end, you've restarted the device and since then it appears to be working properly, correct?",151814,156001,156000,,
@AppleSupport They should’ve saved the time &amp; hype. Who cares if it’s glass backing. Hell thats an easy way to break. Well all know iPhones are easy to bk,@501489 We are happy to help you with any concerns you have about your iPhone 8. Can you let us know how we can help?,501489,1640291,1640290,,
"@AppleSupport I was doing it all through the phone, no iTunes or computers were involved. So the second situation, it couldn’t find the iCloud backup","@691097 To make sure we're on the same page, were you resetting through iTunes, but it didn't find the backup, or when setting up the device, through the Setup Assistant, it couldn't find the iCloud backup?",691097,2402123,2402122,,
@AppleSupport That’s who I contacted... ☹️,@660891 Hi there! Our Online Store team would be able to look into this with you. Reach out to them here:  https://t.co/8yjRd1Xo0i,660891,2271633,2271632,,
@AppleSupport @436583 Same here on my iPad iOS 11 sucks every build of it. I so wish I could go back to 10.3.3,@436583 Let us help with your iPhone! DM which version of iOS you’re running and any troubleshooting steps you’ve already tried since these issues started. We’ll continue working with you there. https://t.co/GDrqU2kzhr,144678,2794382,2794381,,
"@AppleSupport Hello, my Apple watch in watchOS 4.1, don´t connect known wifi network when the iPhone is far.","Can't go anywhere without your New Music Mix? Here's how to autosync your Apple Music playlists in watchOS 4.

https://t.co/tmGNEvsRmy",814574,96956,96944,,
"@AppleSupport I did a reboot at first, but it didn't solve it, so I did a reset but still nothing. I think it's a hardware problem, caused by heat (30° to 35° in my country and sometimes +40° when there are fire + usage = +40° to +45° celsius)
even the speakers on the load side, have let go.",@662351 We'd be happy to help you with your iPhone. How long has this been happening? Have you followed the steps here: https://t.co/bWm9giK0jB,662351,2277711,2277712,,
"@AppleSupport Hi, I can't find my wish list in the App Store anymore. Where did it move to?","Introducing the new Control Center in iOS 11. Now customizable.
Learn more https://t.co/fCNsZCyS3P https://t.co/WiFGzhh3AZ",303470,6787,6658,,
@AppleSupport Ok sir now it’s work connect with my real wifi thanku,"@469420 Does tapping the ""i"" icon in that screenshot and forgetting the network, then reconnecting help? Have you restarted yet?",469420,1505578,1505577,,
"@AppleSupport it’s just black, no apple logo","@299299 We're here to help. To help us figure out the best way to move forward, can you let us know what you see on the screen on your iPhone currently? Does it show the Apple logo now?",299299,2619744,2619743,,
@AppleSupport Alarms didn’t work 3/5 times this week on version previous version to 11.1.2 (11.1.1??). I just updated today,"@149307 We certainly don't want you missing out on anything, so it's important for your alarms to work as expected. If they aren't, go ahead and let us know which iOS version you have installed under Settings &gt; General &gt; About.",149307,146712,146711,,
@AppleSupport I think so.,@204117 Hi there! Are all of your other sounds performing at the correct level?,204117,539866,539863,,
@AppleSupport you're right there! I was on a huawei mobile using Wi-Fi at the time.,@646755 That's certainly not the experience we'd like for you have. Let's review this together as a team. Please DM us your Apple device and the current software version installed. https://t.co/GDrqU22YpT,646755,2212980,2212979,,
@AppleSupport Yes crashing app is closing out completely! So you need fix message bugs please,"@577569 When you say ""crashing"" do you mean that the app is closing out completely? Let us know in a DM. https://t.co/GDrqU22YpT",577569,1942457,1942456,,
"@AppleSupport To be more specific, when you see your calling history, numbers that are not part of my contacts have location retrieved but I can see like a refresh when tries to say “unknown” and like for a second, display the location.","@692601 We'd like to look into this with you. To verify, does restarting your iPhone help? What iOS version are you on?",692601,2408622,2408621,,
"@AppleSupport It’s not on, it’s not giving me notifications for any app except from text messages and the calendar","@671036 We'll be happy to help with that. To start, can you tell us if this is happening only with notifications sent from one specific application or from them all? Also, is Do Not Disturb enabled on your iPhone? https://t.co/8HnF4Ksats",671036,2923654,2923653,,
@AppleSupport I updated my iPhone 6s to iOS 11.1 &amp; now my messages are taking forever to send &amp; say delivered in or out of WiFi 🤦🏽‍♀️,@129792 We want your iPhone to work for you. DM us details about what exactly is happening and we'll continue with you there. https://t.co/GDrqU22YpT,129792,60320,60321,,
@AppleSupport If it does I don’t know what it is. I just push my home button and it darkens. Then I click it and it fixes it.,@328068 That doesn't look like what we'd expect to happen. Does it darken after you do anything in particular? Can you open and use it?,328068,876391,876390,,
"@AppleSupport no. it happened yesterday after 8 pm, i think it crashed about 6 times but today is everything okay",@172543 We’d like to help get you back to enjoying your iPhone. Does this only happen when you're using certain apps?,172543,237458,237456,,
"@AppleSupport I don't know why Apple Music showed like this yesterday while I have an account already, but now it's okay. Thank you 👌🏻 https://t.co/oABw7b3qfd","@430559 Hey, we want to hear more about what's going on with your Apple Music. DM us the details and we'll go from there. https://t.co/GDrqU22YpT",430559,1331227,1331228,,
@AppleSupport I have it now,@218007 We want to help. Do you have her iPod with you now so we can look into some troubleshooting steps?,218007,433104,433103,,
@AppleSupport It's happened to my on SoundCloud and Apple Music. iPhone 7,"@817563 We can understand wanting to listen to your music without loud static. Let’s dig a little deeper to see what we can find out. To start, which device are you having the issue with? Which application are you listening to music with?",817563,2962879,2962878,,
@AppleSupport Sending snapshot of iPad details on DM.,"@754062 We appreciate you reaching out to us on this issue. We'll be glad to help you get to the bottom of this issue. Just to clarify, is this happening only when launching Safari or a recently updated app? When did this issue start? Also, which iOS version are you using?",754062,2680122,2680121,,
@AppleSupport Only Live Photo is turned on which for some reason also doesn’t work on my phone,"@160220 Thanks for confirming. If you go to Settings &gt; Camera &gt; Preserve Settings, are any of those options turned on?",160220,188437,188438,,
@AppleSupport @399487 I think all Apple phones have battery issues. Live with it.,@399487 We want you to have a good experience with the update &amp; want to help. Please send us a DM so we can assist you. https://t.co/GDrqU22YpT,546370,1819170,1819169,,
@AppleSupport It still persists after the update!,"@652428 iOS 11.1.1 was recently released and it includes a fix for autocorrect issues. Be sure to back up your device prior to updating, and let us know if the issue persists afterwards. How to back up: https://t.co/4f8hwT5to6",652428,2237351,2237352,,
@AppleSupport I have the newest one...version 11.1.1,@700254 We'd love to help. Please let us know which iOS version you're using and we can go from there.,700254,2441801,2441800,,
@AppleSupport @149299 Been sending you DM’s for over two weeks and no response. Have you fixed a single person’s iOS 11.x.x battery problem yet?,@149299 We want to help. DM us if this has only been happening since the most recent update and let us know which country you're in. We'll go from there. https://t.co/GDrqU22YpT,149300,146684,146683,,
@AppleSupport Noooo I still see them boxes 😤,@239915 We'd be glad to be of assistance. We have addressed this issue in our recent iOS 11.1.1 update: https://t.co/uQeXsrrlXJ,239915,2429200,2429199,,
"@AppleSupport A quick google search shows this is common. Already restarted, etc.",@755942 What issues are you having with GPS? We can help.,755942,2688585,2688584,,
@AppleSupport Do I have to delete and reinstall the entire Google Drive app to do that?,@311981 We're here for you. Have you tried deleting and reinstalling the extension?,311981,805659,805660,,
"@AppleSupport No, the spinner that appears when the page loads just never stops spinning",@587876 We're happy to look into this with you. What happens when you attempt to visit iTunes Connect? Is there an error message?,587876,2191168,2191166,,
@AppleSupport How do you disable control center on lock screen. The option is missing in iPhone X,"Want to get to Control Center on iPhone X? 

Just swipe down from the top right corner. https://t.co/iSAieJEf3t",697889,168779,168760,,
@AppleSupport Hmmm. I have DM’d three times and no response. So I am willing to take it offline as long as you are willing to respond.,@172643 We're here to help. How long does a full charge usually last on your device? Let us know in DM. https://t.co/GDrqU22YpT,172643,238026,238024,,
@AppleSupport I hope you can help! Sent a DM 😊,@518560 Hey let us help you here. Please continue with us in DM. https://t.co/GDrqU22YpT,518560,1711970,1711969,,
"@AppleSupport yes - iMessages lag when typing, all my apps lag to open &amp; apps that use video snap chat, Facebook, Instagram &amp; Snapchat kill every time💀💀",@673407 We'd like to hear more about this. May we ask what issues you're experiencing?,673407,2324577,2324578,,
@AppleSupport It’s nice to know that you are there.,@758993 We’re glad to hear that you’re connected now. Definitely not expected behavior. Please let us know if you run into the issue again. We’d be happy to go through some troubleshooting with you!,758993,2702100,2702099,,
"@AppleSupport When I plug it in, it indicates it is charging, every time. It is only in the morning that I discover otherwise. 2-2","@204078 We can help! Do you get any indication that it's charging when you plug your phone in, or does it not recognize the charger at all?",204078,2477568,2477567,,
@AppleSupport Wow I was t expecting a response thank you,@513275 Here’s what you can do to work around the issue until it’s fixed in a future software update: https://t.co/qODbOsp4wz,513275,1690676,1690675,,
@AppleSupport @629332 How about u just fix it. 👌🏽,@629332 Here’s what you can do to work around the issue until it’s fixed in a future software update: https://t.co/xXaXeeSRt9,629333,2139914,2139913,,
@AppleSupport I have tried almost everything excluding a different charger and its not working. It came on initially when i firsr started charging,@398648 Let's see what we can do to help. Have you had a chance to view this article: https://t.co/WIvZlsk5oQ,398648,1185055,1185054,,
"@AppleSupport 6s, 11.1, mainly screenshots",@282002 That's something we'd very much like to look into with you. Where are we downloading pictures from? Which iOS version is showing in Settings &gt; General &gt; About?,282002,2312522,2312521,,
@AppleSupport verifying emails is all that comes up.  won't allow anything else,@190042 We are happy to help. What do you currently have on the screen of your iPhone? Please reply with a DM. https://t.co/GDrqU22YpT,190042,752184,752183,,
"@AppleSupport Yeah, I have all those implemented already",@196533 We want to help with your battery today and check other concerns. Have you tried the steps from https://t.co/bivpdfBNJ6,196533,337480,337479,,
"@AppleSupport @682657 Same happened to me and I tried to install the update through itunes and the massage pop out ""there was a problem downloading the software for the iphone, the requested source was not found"" just one step to through it from the window !!",@682657 Thanks for reaching out. Let's take a look at this together. Check out this helpful article here: https://t.co/H7w57rsYVQ,276122,2364481,2364479,,
@AppleSupport Thanks a lot for your support. But link what you provide «The page you’re looking for can’t be found.»,@249091 We can answer this one for you. OS X 10.8 Mountain Lion is only available on disc for new users. It was the last version we offered on disc. Mavericks and later were made available on the App Store. Here's the link: https://t.co/lgkRDddhWs,249091,553498,553497,,
@AppleSupport Maybe it's the phone making problems? Maybe I should do the iOS updates?,"@121850 Was this purchased or was it content that was available for free? Also, was it downloaded to your device or did you stream it?",121850,26708,26706,,
"@AppleSupport It was working fine, then I went away for two weeks and it's not worked since I came back. I think the battery died while it was on standby.",@370407 Did you make any changes to the computer when it stopped working? Have you restarted?,370407,1060589,1060588,,
"@AppleSupport It just returns me to the login screen. It doesn’t say that the password is incorrect, and I know my login is right because I could",@342723 We'd like to help out with that. What happens when you try to sign in?,342723,939569,939568,,
@AppleSupport iPhone 7 with no screen protector,"@422767 This behavior is not intended. Could you let us know the device model you have, and do you have a screen protector installed?",422767,1295131,1295130,,
@AppleSupport iPhone 6s+ and I haven't updated to 11 but this has been happening for quite some time now. Last time I updated it wiped my phone so been delaying this one.,@777500 We want to help! What model of iOS device are you using? Do you have the most recent version of iOS 11.1.2 downloaded? https://t.co/GDrqU22YpT,777500,2784590,2784591,,
"@AppleSupport 
Current version iOS 11.0.3","@567886 Just to confirm, which iOS version are you currently running? Go to Settings &gt; General &gt; About for the version.",567886,1905796,1905795,,
@AppleSupport Then put out the Damn update already!,@502071 Here’s what you can do to work around the issue until it’s fixed in a future software update: https://t.co/xXaXeeSRt9,502071,1642552,1642551,,
@AppleSupport When I open a site from bookmark why the title is bookmark name? It must be webpage's title.,@211918 We offer support via Twitter in English. Contact us for help in your preferred language here: https://t.co/IBIY3vMgPj,211918,406636,406635,,
"@AppleSupport Thank you. I appreciate that. Yes, both with my iPhone and Macbook Pro. All fine now with iPhone and now through iCloud, but not mail.",@741580 Let's get you back to being productive with your emails. Do you use iCloud for your work email?,741580,2625359,2625358,,
"@AppleSupport It's been happening for over a year. It's very widespread and common, I'm surprised you haven't solved it. IPhone 6s.","@775653 When did this begin? Also, what device are you using with Exchange?",775653,2775914,2775913,,
@AppleSupport I️ did update and it’s still happening,"@444312 Thank you for letting us know. Let's make sure you have a backup, and update to iOS 11.0.3. Let us know if the issue persists.",444312,1394562,1394561,,
@AppleSupport Thanks and i am too excited to use iPhone for the first time that too latest high end model iPhone X 256 GB. will keep in touch,@142826 Welcome to the iPhone family! We are excited to have you join us! Check this out: https://t.co/1OxnSOXiWG,142826,1404837,1404835,,
@AppleSupport I do not think I can update the device https://t.co/p9mlCRP7jJ,"@362688 If other devices connect, have you been able to reach out to the manufacturer of the Marshall about a firmware update?",362688,1025603,1025601,,
@AppleSupport It’s certainly not what I want to experience either (: yeah since I updated.,@808188 That's certainly not the experience we want you to have. We'll do everything possible to get this resolved. This only started with the iOS 11.1.2 update?,808188,2920068,2920067,,
"@AppleSupport Yeah, same error if I use the cellular service, I've tried to reset my MacBook and iPhone but the problem stills there, I hope it will be resolved by itself","@808824 Got it. We also checked the System Status and an outage has not been reported. That being said, have you been connected to the same Wi-Fi network? When you disable Wi-Fi on your iPhone to use only the cellular service, do you receive the same error?",808824,2922692,2922691,,
@AppleSupport Why thank you 🤙🏼,@530455 Here’s what you can do to work around the issue until it’s fixed in a future software update: https://t.co/xXaXeeSRt9,530455,1763097,1763096,,
@AppleSupport I’m using 11.0.3... I can't update any application. Have been like three days with the same problem.,"@567882 We'd like to help. What happens when you try to use the App Store? Also, which device and software version are you using?",567882,1905764,1905763,,
@AppleSupport see Vid - and iphone7,"@179299 We'd love to help out. Can you tell us which device, you're using? Also, what happens when you try to turn off Keychain?",179299,265702,265701,,
@AppleSupport It happens with the lighting earphones I haven't used the regular ones with the dongle.,@817563 Thanks for letting us know. Which version of iOS are you running on the iPhone currently? Does this happen when headphones are plugged in and through your speakers as well or only when headphones are plugged in?,817563,2962882,2962881,,
@AppleSupport All apps are updated and biggest problem comes in dial pad for dialing phone!!most of the times touch pad don’t work when we have to call,"@614404 Alright, no problem. Let us know if all the apps are currently up-to-date in DM. We’ll continue troubleshooting there. https://t.co/GDrqU22YpT",614404,2077424,2077422,,
@AppleSupport It was restored but I don’t understand why that needed to happen for a software upgrade. My free iCloud storage apparently ran out June 26.,@476699 We're happy to help. It sounds like your iPhone may have been restored. Do you have a current backup of your iPhone?,476699,1537690,1537689,,
@AppleSupport Sometimes I’m using headphones when I️t happens sometimes I’m not and I️t still happens. I️t only started happening after the update,@626525 Are you using headphones when you see the pausing issue?,626525,2128164,2128163,,
@AppleSupport @586824 This happens to me also it’s the newest update,@586824 Thanks for reaching out! Let us know which version of iOS you’re running in DM. We’ll continue from there. https://t.co/GDrqU22YpT,431554,1982500,1982499,,
@AppleSupport No it’s not every time I try logging in it says connecting to iCloud then it just redirects me to this https://t.co/A46cKUdbAx,@575205 We want to help. Is your device currently signed in to iCloud successfully?,575205,1932987,1932988,,
@AppleSupport @365205 @116333 runs a company full of LIARS!!! #AppleSucks,@365205 That is not expected. We would like to help. To get started send us a DM. https://t.co/GDrqU22YpT,362821,1036554,1036553,,
@AppleSupport thnx the issue had been resolved.,@453533 You should be able contact us through this link:  https://t.co/IBIY3vMgPj Or DM us further details. https://t.co/GDrqU22YpT,453533,1436725,1436724,,
"@AppleSupport No, I had to replace that one with another one, cause it got damaged",@172680 We'll help out. Is this the charger that came with your iPhone? Take a look at this article: https://t.co/XjQmi8bSfX,172680,238241,238240,,
@AppleSupport Purchased via iTunes,@662073 Let's get this to show properly. Are you an Apple Music member? Is this music that was imported to your library or purchased via iTunes?,662073,2276379,2276383,,
@AppleSupport  https://t.co/sjrvXyuWKP,"@526776 We know listening to your music is important. Meet us in DM, tell us which country you're in, and some details about when this issue began. We'll go from there. https://t.co/GDrqU22YpT",526776,2507384,2507383,,
@AppleSupport Nope. Just the twitter app. Started happening when twitter discontinued their watch app.,@297377 We'd love to help with this. Does a restart of your Apple Watch and iPhone help? Is this happening with only one application?,297377,741665,741664,,
@AppleSupport iPhone 6 iOS 11,@165935 We'd be happy to look into this with you. Can you provide us which device and iOS version you're using? https://t.co/ZTw54HL4Rm,165935,210914,210917,,
"@AppleSupport Ok, thanks for the info. It’s been reported.","@776930 Yes, it's likely a phishing attempt. You can use this guide to fully report this and know what to be on the lookout for: https://t.co/LNMCdqt6fD",776930,2782072,2782071,,
@AppleSupport It restarts to the Apple logo. It’s doing it even when no apps are in use.,@141460 We want to help! Does is restart to the Apple logo or to a spinning circle? What apps are in use when this happens?,141460,114515,114514,,
"@AppleSupport Yes, and I live in Tampa so it’s a major city with full LTE coverage when I’m not by wireless. It worked perfectly fine until I updated",@315375 We are here to help. Is this happening in all locations?,315375,820172,820173,,
@AppleSupport Thank you. I have an iPhone 6s with iOS 11.0.3.,@342718 We'd like to look into this with you. What is your current iOS version? What kind of iPhone are you using?,342718,939554,939553,,
@AppleSupport Both 11.0.3,@272892 Thanks.  Does the issue occur on both Wi-Fi and cellular data?  Which exact iOS version?,272892,644117,644118,,
@AppleSupport Would to say “ hey Siri “ without is charging?! How s7 that you can to say “ ok google “ A any time. Without is in the charger?!?!,"Looking for Siri on #iPhoneX? You can either say ""Hey Siri"" or press and hold the side button to ask a question. https://t.co/XyIjiaioXi",666016,2286641,2286633,,
@AppleSupport Similarly @115888 can't play out of car speakers on @76447 i3 anymore when connected over USB,"@572847 We're here to help. When you try to record a voice memo, what specifically happens? Additionally, under Settings &gt; General &gt; About what version of iOS are you on? The latest patch is 11.1.1.",572847,2424359,2424357,,
"@AppleSupport Ever since i did the ios 11 update, my iPhone 7 plus doesnt connect to anything with the bluetooth also iPhone shuts off by itself when im on pandora",@540939 We may be able to help. What is happening with your Bluetooth? Let us know to continue.,540939,2281205,2281204,,
"@AppleSupport @155700 Sorry Apple, but you're nothing for us if you won't talk to us with our language.",@155700 We offer support via Twitter in English. Contact us for help in your preferred language here: https://t.co/IBIY3vMgPj,155709,170396,170389,,
@AppleSupport  https://t.co/wfIS2ruxuH,@569822 We can help with that. Go ahead and send us DM and let us know what kind of Apple Watch band you purchased? https://t.co/GDrqU22YpT,569822,1912983,1912982,,
"@AppleSupport When it happens, I reset my watch and they will still happen. I reset my phone regularly every day.",@519320 Thanks for that. Sounds like you've got it fully up-to-date. Do issues persist after restarting both your watch and iPhone?,519320,1714720,1714719,,
@AppleSupport @182298 I’m having the problem,@182298 We’re glad you reached out. Let us know which device is having the issue in DM. We’ll help you from there. https://t.co/GDrqU22YpT,182299,277548,277547,,
@AppleSupport @195264 Are y’all ever going to respond? Just tell me you don’t want to answer my question,@195264 Thanks for reaching out to us. Can you DM us with more details of your Music issue? https://t.co/GDrqU22YpT,195265,332822,332821,,
"@AppleSupport Yes, I did. But I am not facing any of them!","@267790 Got it, thanks. To confirm, did you have a chance to try the steps in the article we sent over?",267790,646935,646934,,
@AppleSupport Will try that when I get back to my Computer,"@231601 Thanks for providing that for us. We'd like to try doing a Safe Boot of the Mac as outlined here. https://t.co/PQ4LSYhUTY This will clear some cache files and give us a good foundation. After doing the Safe Boot, reboot normally and test.",231601,489580,489579,,
@AppleSupport I can’t it doesn’t give the option the change the recovery number,@677863 We can assist with some info. You'll need access to a trusted device in order to sing in and reset info. More details here: https://t.co/y8ghmuXVpf,677863,2343857,2343855,,
@AppleSupport It started today I downloaded the new iOS 2days ago. It’s all apps either take ages to open or just shut down.,@511679 We'd like to work on this with you. When did you first notice this behavior? Does it happen with all apps or only specific ones?,511679,1683411,1683410,,
@AppleSupport It’s 11.1 and every phone call the call drops out and then when using apps the phone freezes for 10-15 seconds.,"@459694 Hey, we'd like to look into this. Can you clarify what you mean when you say that it's crashing? Also, what's the exact iOS version?",459694,1463515,1463513,,
@AppleSupport Just dm you guys,"@470503 Let's look into this together! DM us which device and iOS version you're seeing this issue on, and we'll start from there. https://t.co/GDrqU22YpT",470503,1977179,1977178,,
@AppleSupport @595893,@595892 Thanks for reaching out. We have a workaround for this here: https://t.co/xXaXeeSRt9 DM us if you still need help. https://t.co/GDrqU22YpT,595892,2015185,2015184,,
@AppleSupport Totally different character. It’s the “! ?” symbol that pops up. My friends are having the same issue. https://t.co/ZhQfTLje64,"@127416 We're happy to help. Are you saying that every time you type 'i', you get a different character, or it with certain words?",127416,1954534,1954535,,
@AppleSupport thank you! it did help :),"@207843 We're happy to help. Are you attempting to access Night Shift from Control Center? If so, try this: https://t.co/NBE76DOiEM",207843,388056,388055,,
"@AppleSupport I am having ios 11.1.2
Apps like Insta are lagging way too much
Especially when any video post shows up on insta news feed","@150593 We're here to help, let's take a look at this together and make sure your iPhone 6 is performing as you expect. Which version of iOS 11 is currently installed? Does the slowness on the device occur with specific apps and/or features, or with everything?",150593,151480,151479,,
@AppleSupport I just did this update. Thanks,"@781526 We've recently released iOS version iOS 11.1.2. This should fix the issue you're seeing. To install this version, make sure to create a backup and update using the steps here: https://t.co/KMmAcUlMLd

Let us know if we can help with anything else!",781526,2801507,2801506,,
@AppleSupport Y’all just gonna leave me on read??,"@498847 Battery life is important, and we’ll assist. As a starting point, which iPhone model and iOS version are you using?",498847,1629764,1629762,,
"@AppleSupport Thanks, I’ve sent you a DM with the info!",@584569 Meet up with us in DM at the link below so we can assist you with the issues you are having as well today. https://t.co/GDrqU22YpT,584569,1973894,1973893,,
@AppleSupport I got it to work thank you! ☺️,@203490 We're here for you. Try these steps: https://t.co/80YRnjDFDk Let us know if you have questions.,203490,369293,369292,,
@AppleSupport 11.0.3 I’ve been faithful apple y’all gotta tighten up,"@732661 We'd like to help. Do you know what version of the iOS is on the device?  If not, you can check under Settings &gt; General &gt; About &gt; Version.",732661,2585598,2585597,,
@AppleSupport https://t.co/fucPBACKNi,@655298 We're here to help. Which iPhone model are you using and what version of iOS is installed? Check Settings &gt; General &gt; About.,655298,2285827,2285826,,
"@AppleSupport No need. I changed the settings myself.
But you guys need to up your testing before you release these things..",@513063 We're here to help. Let's meet in DM to investigate further. https://t.co/GDrqU22YpT,513063,1689956,1689955,,
@AppleSupport Did you see the picture I sent second? I have a bunch of contacts from a bunch of groups. I want to somehow merge them all into one group. https://t.co/BzPPXkCZOV,@781297 Let's figure this out together. Check out this link: https://t.co/J405QLen6o It has instructions on how to import your contacts from different sources. Let us know if you still need help.,781297,2800586,2800585,,
@AppleSupport I know all about the phone but I want to see it in person and try for myself how it works without the home button.,@361778 Hello! Thanks for your interest. Check out this link for more info: https://t.co/COYqvrDnEq Enjoy!,361778,1021680,1021679,,
@AppleSupport I have not but wouldn’t know where to even check for that,"@346413 Thank you. To confirm, have you contacted your car company to make sure an update isn't needed for compatibility?",346413,954214,954213,,
@AppleSupport yes i’ve tried all of that!,@723912 Have you tried using a different network or cellular data connection to redownload the album?,723912,2547180,2547179,,
"@AppleSupport Yes, it doesn’t change or fix a thing..",@154491 Hi. We're here to help you. Have you tried forcing your MacBook to shutdown by holding down the power button?,154491,165786,165785,,
@AppleSupport I'm looking for the quick way and found it... you do the multitasking gesture and it quickly gets you back to the first homescreen.,@593023 Congrats on your new iPhone. You can swipe right to get back to the first screen: https://t.co/gCtJSA66HY Questions? DM us. https://t.co/GDrqU22YpT,593023,2005362,2005361,,
@AppleSupport @150893 Did this get resolved. I’m having the same problem trying to update an iPad to 11.1,@150893 Send us a DM and we'll continue there. https://t.co/GDrqU22YpT,531619,1768116,1768115,,
"@AppleSupport I’m in Canada...specifically London, Ontario.",@297945 We can point you in the right direction. Options vary by location. Which country are you located in?,297945,744245,744247,,
"@AppleSupport Yes, the text is still mangled next to Netflix in the store app after the update completed, incl after a pull down refresh. See attached. https://t.co/4rqwKObFcf",@408564 We want to help. Do you still see this text after updating these apps?,408564,1230344,1230342,,
"@AppleSupport The problem persists after rebooting it in safe mode. Only this time, instead of just showing the pinwheel, segments of the screen horizontally fade in until the page reloads. Almost like a PowerPoint slide exit.",@808561 Does this happen while using any specific applications? Have you checked to see if the issue persist after booting into safe mode? Safe mode will also clear the system cache. Let's test that out: https://t.co/PQ4LSYhUTY Let us know the results.,808561,2921524,2921523,,
@AppleSupport iOS 11.0.3 as well as previous versions of iOS have shown this problem on my device.,@371026 Let's see what's causing your iPhone to not respond properly. Were you running 11.0.3 or an earlier version?,371026,1063114,1063113,,
@AppleSupport i was just wondering how you get rid of the padlock icon at the top right of the screen? https://t.co/8YQiB4R4sl,"@790357 We’re happy to help with your iPhone. DM us the model, iOS
 Version and the issue and we can go from there.",790357,2840102,2840101,,
@AppleSupport I have the iphone 7 and got the 11.0.2 update i installed it last week since then my phone been freezing and going slow,"@296508 Let's work on it together. Which iPhone do you have, and which iOS version is installed currently? When did you install it?",296508,738034,738033,,
"@AppleSupport @342368 Due to the update, for the first time ever I looked into getting a Samsung.",@342368 We can help. Tell us what you'e experiencing and we'll get started.,342369,938112,938111,,
@AppleSupport 11.0.3?? Is it a new iOS every single day!!!!,@350848 Hello. Are you referring to making calls? Can you also confirm you iOS version? The latest is 11.0.3,350848,973379,973378,,
@AppleSupport Correct.  Any help is greatly appreciated.,"@373786 That's certainly not what we'd expect you to experience. We'll be happy to assist. You are running iOS 11.0.3, correct?",373786,1075629,1075628,,
"@AppleSupport I didn't check the time how long, but it happens usually when I'm surfing on the net or playing some game.",@324674 How long does it take to start having issues after a restart? Does it happen more with certain apps open?,324674,861955,861954,,
"@AppleSupport What part of I don’t ever, nor have I ever wanted to give you guys my card information don’t you understand",@443574 We'd love to help! This article has information on changing your payment method. None is an option: https://t.co/Y0YoIRcZa7,443574,1812292,1812291,,
"@AppleSupport @290190 Any comment on ""because slide no longer worked?""",@290190 Glad to see that it has come back. Please reach out to us in DM if you note any other issues or if the problem returns. https://t.co/GDrqU22YpT,290191,711654,711653,,
@AppleSupport This was super helpful. Would love to pin my workouts to the top of my dock.,"@436868 We're here to help. Do you have music playing? If so, check here for steps to Hide Now Playing: https://t.co/kPrTO9IGph",436868,1359137,1359136,,
"@AppleSupport It says added to library and has the cloud over to download, when I look in my library it’s not there and after returning to music later on",@753308 We want to help make sure you can enjoy your music. What happens when you try to add a song to a playlist?,753308,2676484,2676483,,
@AppleSupport updating to iOS 11.0.2 didn’t fix it ... still changing my screen brightness,@160213  You can update to iOS 11.0.2. We recommend backing up your device before updating. Click here: https://t.co/4f8hwT5to6,160213,188413,188415,,
@AppleSupport My phone froze. Had to restart to fix. What’s happening after iOS 11 update.,"Introducing the new Control Center in iOS 11. Now customizable.
Learn more https://t.co/fCNsZCyS3P https://t.co/WiFGzhh3AZ",177845,6690,6658,,
@AppleSupport iOS11.0.3 - Thanks!,@490349 We'd love to help out here and your thoughts are welcome. Can you let us know the full iOS version you have installed?,490349,1596050,1596049,,
@AppleSupport I do everything still can't to activate from iTunes or Sim card,@472118 We'd love to help you get your iPhone activated! Check out this article for steps to move things along: https://t.co/ywHIZGN4Ac,472118,1517715,1517720,,
@AppleSupport When’s the upgrade program for watches? I would reallly like a new one,"@222739 We understand your concern for sure! If you'd like to leave feedback about this, please do so here: https://t.co/oWzjJxkvlC 

Our engineers read all feedback received, but are unable to respond.",222739,453981,453979,,
@AppleSupport Im running the latest firmware i close all of my apps,@739947 We’d like to help get your iPhone running faster.  Any particular apps running slow?  Which iOS version are you currently running?  You can check under Settings &gt; General &gt; About.,739947,2618330,2618329,,
"@AppleSupport Yup, it’s even running on 11.1 (beta) now 😅",@200560 We're glad to assist. Have you updated to the latest iOS 11 iteration of 11.0.2?,200560,356132,356131,,
@AppleSupport All it says is my iwatch is offline,@531070 This article has more details on what to do if you can’t locate your Apple Watch: https://t.co/k4LEHsskAE,531070,1765880,1765879,,
@AppleSupport All apps are lagging and phone calls are silent. No sounds at all,@272954 Hi. That's not the experience we'd like you to have with the new iOS. What trouble are you having?,272954,644385,644386,,
"@AppleSupport Twitter, Snapchat, Instagram, any games.",@424246 We'll be glad to look into this with you. Are you experiencing the freezing when using any specific apps?,424246,1301856,1301855,,
"@AppleSupport The latest update, happens with snapchat, tinder, Facebook and my calls/texts 😭",@432328 Let's work on it together. Which version of iOS 11 is installed currently? Which app is in front when these things happen?,432328,1338976,1338975,,
@AppleSupport Great. Thank you,"@456048 Thank you for letting us know! The update fixes this issue on your device when you type, but you'll still see this issue happening for others when they type because they haven't updated yet. Please feel free to reach out to us again if you need any other help.",456048,2682048,2682049,,
@AppleSupport Thanks but a restart fixed it.,"@671679 Hey there! Thank you for contacting us for support. We definitely want to make sure your Apple products are working smoothly. We're here to lend a hand. For starters, could you tell us which Mac and macOS version you're using?  We look forward to your reply.",671679,2316596,2316595,,
"@AppleSupport For an Apple gift card, surely :D",@432096 We'd like to look into this update issue with you. Could you join us in DM and we'll take a closer look? https://t.co/GDrqU22YpT,432096,1338046,1338045,,
"@AppleSupport These don’t help. The screen is completely smashed, and the screen is ruined https://t.co/QfMJWxb6T3",@744972 We can help with that. These steps can help with your iPod Touch having issues with the display: https://t.co/8MvHMFZ83h,744972,2639729,2639728,,
@AppleSupport Thanks. Couldn’t get the erase button in iTunes. But set it to erase in iCloud. Left it pending. Will try recovery mode when Back w client,"@166022 Let's help you regain access. In this scenario, check out: https://t.co/F1QfwW1u1N",166022,211171,211172,,
@AppleSupport It does at first and then immediately does not,@244881 What happens when he tries to charge the iPhone? Does it detect the charger as being plugged in?,244881,538647,538646,,
@AppleSupport @AppleSupport none of these works for my iphone 7 plus. Regret the purchase.,"@375680 Hey, we can help with the battery life. Have you tried the suggestions here?: https://t.co/bivpdfBNJ6",375680,1083941,1083940,,
@AppleSupport It appears this happens much more when the phone is in low power mode.,@454037 Got it. Can you DM your complete software version number from Settings &gt; General &gt; About? https://t.co/GDrqU22YpT,454037,1439362,1439361,,
@AppleSupport 11.1.2. I am the update fanatic.  Same update stopped shopify app from working on my watch. Watch doesn’t update shopify any more - they say talk to you.,@686577 Thanks for reaching out. Which specific iOS version are you using currently?,686577,2381313,2381314,,
@AppleSupport Looks like issue is now fixed 👍,"@337328 Let's update and see if the issue continues. As always, we do recommend a backup before updating: https://t.co/80YRnjDFDk",337328,915272,915271,,
@AppleSupport Sent you a dm,"@563691 We'd like to hear more, in DM, about what happens when things are crashing. Is the iPhone restarting or are apps quitting? https://t.co/GDrqU22YpT",563691,1890205,1890204,,
"@AppleSupport I face a difficulty to discus with them ,then to solve my problem due to my country were there is none Apple Store","@274459 Thanks so much for reaching out to us today. For this particular issue, we'd like to have you reach out to our support team in the iTunes Store, they'll be able to take a closer look into this for you. You can contact them through this link: https://t.co/SDIe7UiyJN",274459,649779,649777,,
@AppleSupport Atall and although I'm given a option to reset my password on iMessage every time I make a new one it won't accept my old or new ☹️,"@194984 Just to clarify, are these Keychain prompts, or something else? Also, do you receive prompts from the Keychain or other programs?",194984,331683,331682,,
@AppleSupport Nope I turned the orientation lock off. I checked before I tweeted this. The symbol beside the battery is the Bluetooth.,"@279055 We want you to love iOS 11 as much as we do, and we’ll assist. Do you have orientation lock enabled in Control Center?",279055,2550305,2550303,,
@AppleSupport Seems to be working for Now after repairing,@128098 Let's next unpair and then pair them again. This article has the steps: https://t.co/UCuy0qGg07,128098,53543,53542,,
"@AppleSupport I connect only to Apple TV, but the bug is in Safari. Basically the new iOS 11 video auto start blocking does not consider that if phone is connected to Apple TV all videos in browser will play there. So auto start isn't blocked in that case and its very annoying.",@718861 Do you AirPlay to devices other than your Apple TV? We ask to be sure we're isolating the issue. Please DM us. https://t.co/GDrqU22YpT,718861,2527053,2527052,,
"@AppleSupport Thanks, but that doesn’t answer any of my questions.",@401296 That's a great question. Please visit us here for more assistance:  https://t.co/8yjRd1Xo0i,401296,1197190,1197189,,
@AppleSupport Just one. I only have the iPad mini n idk what it is on haven't updated it for a while,@467770 Can you tell us what device and OS version we're currently working with?  Does this occur on all devices or just one?,467770,1497866,1497865,,
"@AppleSupport Yes it does. I’ve deleted apps, reinstalled them, closed them, restarted my phone, but nothing seems to work. It still slows down, freezes, and crashes",@258012 Thanks for clarifying that for us. Does the iPhone slow down at all before it freezes?,258012,584794,584793,,
@AppleSupport This is just a work around. What caused this and what is the permanent solution?,@489161 Let's try the steps listed in this article. https://t.co/xU1AGHStV6. Let us know if you need any further help.,489161,1591107,1591106,,
@AppleSupport I appreciate your response &amp; will look into your suggestions. Thanks,"@652831 Thanks for reaching out. You can attempt to use a third party app to help with spam phone calls: https://t.co/l196mimriF If needed, you can also reach out to your carrier for further assistance with unwanted phone calls.",652831,2238893,2238892,,
@AppleSupport iPhone 7. Twitter. Spotify premium,@755518 Let's look into this together. Which device are you using? Are you using the Music app to listen to your music or another app? Which app are you using to view GIFs when the music stops?,755518,2686696,2686695,,
@AppleSupport ok,@309451 We'd like to take a closer look with you. DM us about this issue and we'll continue together there. https://t.co/GDrqU22YpT,309451,794589,794588,,
@AppleSupport 11.1 - and it hasn't made anything better than the last dodgy IOS 11 versions that were released.,@407124 We can help out. What iOS version are you currently on?,407124,1679138,1679137,,
@AppleSupport No just volume with a line  comes on screen with mute underneath.,"@150607 When this happens, does the on-screen volume display appear to have been turned down?",150607,151529,151528,,
@AppleSupport i just have to do a quick reset (volume button up/down and then off button) and then it comes back on as normal,"@135579 Certainly not the experience that we want for you to have with your iPhone, but we're here to help out and get you back to the expected experience. When you have to reset the device, what steps do you take?",135579,2343663,2343662,,
@AppleSupport And it takes 5-10mins to reboot for some reason...,"@769543 That's not the normal behavior for High Sierra at all, so let's check this out. Did you happen to notice if it's the same apps giving you trouble? If so, which ones?",769543,2748356,2748353,,
@AppleSupport Thanks so much! Restarting the phone and it’s working now.,@366114 Let us know more about what your car manufacturer suggested via DM and we'll investigate further in order to find a solution. https://t.co/GDrqU22YpT,366114,1327366,1327365,,
@AppleSupport It doesn’t happen when using an app. The phone totates the screen at its will! Even if untouched...,@563412 We'd like to help with your new iPhone. Please DM us details on which apps you're using when it stops responding. https://t.co/GDrqU22YpT,563412,1889264,1889263,,
@AppleSupport I restarted my phone n now all my text messages are gone. I'm gonna throw my phone,"@291951 Let's work together on the typing and texting. Tell us, what's happening when you go to type? Does it happen in all apps?",291951,718088,718087,,
@AppleSupport @90690,"@669887 We've got you covered. For more information, please visit: https://t.co/xXaXeeSRt9",669887,2309653,2309652,,
@AppleSupport I have my phone on low power mode it shouldn’t be adjusting by itself and it’s an iPhone 7,@411700 You can adjust auto-brightness with these steps: https://t.co/bkqEVCrK2l What's your model and have you tried any steps so far?,411700,1243404,1243403,,
@AppleSupport How to send a message directly,@167309 We can help. Send us a Direct Message and let us know what kind of iPhone you have and what version of iOS it is running. https://t.co/GDrqU22YpT,167309,215774,215773,,
@AppleSupport it was the supplemental high sierra update,@184720 Let's see why you're having trouble with High Sierra. Was this an upgrade or was the computer restored and installing new?,184720,288476,288475,,
@AppleSupport Hello @115858 no I do not have update available on the @118936 and yes is not installed... any reasons why is not installed in my #iphone6,@230307 Great question. This icon indicates the app is not downloaded. Do you have any updates available in the App Store? Have you tapped the app icon for this app?,230307,484538,484537,,
"@AppleSupport Thankyou! - Apple Watch Series 3 (GPS only), running watchOS 4.0 paired to an iPhone 6S Plus running iOS 11.0.3","@431488 We want to help with this. So we can take a closer look, which Apple Watch model are you using and which software version?",431488,1335276,1335275,,
@AppleSupport Already updated and it’s still not fixed!!!!!!!,"@278212 We recently released an iOS update, 11.1.2, that contains a fix for auto-correct issues. Let’s be sure to back up your device prior to updating. How to back up: https://t.co/4f8hwT5to6",278212,663869,663874,,
@AppleSupport This is the update I’m having a problem with the 11.1.1 update it’s horrendous!!! I have the iPhone 6+ and it is slow and freezes regularly when typing a message it’s very frustrating!!!,"@670382 We recently released an iOS update, 11.1.1. Let’s be sure to back up your device prior to updating. How to back up: https://t.co/4f8hwT5to6",670382,2311591,2311590,,
@AppleSupport Heating problem after updating to ios 11,"Pick the perfect frame with Live Photos in iOS 11. Here's how to select a new key photo.
Learn about Live Photos: https://t.co/vBdGwPIet0 https://t.co/KB8FZjc3G7",293441,188636,188628,,
"@AppleSupport DM you?!
 So you keep ignoring me again and again ?",@561675  Hey there! We’d like to understand more about this situation. Please DM us some details and we’ll take it from there. https://t.co/GDrqU22YpT,561675,1882144,1882142,,
@AppleSupport Here what you want... thanks for your help https://t.co/D3w5ICXyfw,@814878 We know how important it is for the Messages app to work as expected and we're happy to help. Which model iPhone and exact iOS version are you using? You can find this by going to Settings &gt; General &gt; About.,814878,2950915,2950914,,
"@AppleSupport Why everytime i listen to music siri opens at random or it stops or goes 3 times faster, since the update of #IOS11",Keep your favorite notes at the top of the list. Here's how to pin a note in iOS 11.  Learn more about Notes: https://t.co/UxvcESWr6u https://t.co/kjgS3MK8lN,160207,178671,178654,,
"@AppleSupport I got past this, reached the terminal option but the the dialogue box where one has to type the new password was blocked - couldn’t type in it",@790411 Let's figure this out together. Did you perform any steps or updates before this happened? Have you tried restarting your Mac since it became stuck on this screen?,790411,2840391,2840390,,
@AppleSupport You fixed the calculator problem? Where it can’t calculate 1+2+3 unless you leave 5 seconds between buttons?,"@131781 Once you get a chance to update your iOS version, test out your iPhone. DM us if you still see the issue: https://t.co/GDrqU22YpT",131781,2271694,2271693,,
@AppleSupport  https://t.co/Pum1l3jnAd,"@190289 What version of iOS 11 are you currently running? Also, what other issues are you having?",190289,2008456,2008454,,
@AppleSupport I never heard back lol,@200275 We would like to look at this further for you. Reach out to us in DM. https://t.co/GDrqU22YpT,200275,354566,354565,,
@AppleSupport Just received the phone through @115725 it immediately started jumping from screen to screen hitting numbers. Thought it was because Of restore but has cont..,"@387649 We're here for you! Let us know a little more about what you're experiencing, and we'll partner together to get it sorted out.",387649,1136074,1136075,,
@AppleSupport It is not a problem with my internet as I’m able to watch videos at the same time,@354458 We want to check this out. Send us a DM and we will go from there. https://t.co/GDrqU22YpT,354458,989741,989740,,
@AppleSupport  https://t.co/i35StbD2bE,@577408 We're happy to assist. Which iOS version are you currently running? Go to Settings &gt; General &gt; About for the version.,577408,1941665,1941666,,
@AppleSupport I’m sorry but that didn’t fix a thing 🤷🏽‍♀️,@528882 Here’s what you can do to work around the issue until it’s fixed in a future software update: https://t.co/xXaXeeSRt9,528882,1756425,1756424,,
@AppleSupport Okai ty,@391264 We offer support via Twitter in English. Contact us for help in your preferred language here: https://t.co/IBIY3vMgPj,391264,1152803,1152802,,
@AppleSupport Issue sorted.Thanks,@219174 We'll help out. Start by doing a Safe Boot of the Mac as outlined here. https://t.co/PQ4LSYhUTY Let us know how that goes.,219174,2205860,2205859,,
@AppleSupport  https://t.co/8TmQdma8bQ,@136618 That should not be happening. Let us help. Which version of iOS are you using? You can check in Settings &gt; General &gt; About.,136618,94867,94865,,
@AppleSupport I'm using ios 10.3.3,@513263 You can find your specific iOS version in Settings &gt; General &gt; About on your iPhone.,513263,1690637,1690636,,
@AppleSupport That’s stupid 🙄,@665494 Here’s what you can do to work around the issue until it’s fixed in a future software update: https://t.co/xXaXeeSRt9,665494,2291315,2291314,,
@AppleSupport I never use Bluetooth but i use the control setting to turn WiFi on/off.,"@172855 Are you using the Control Center for your Wi-Fi and Bluetooth, but noticing it still shows on under Settings? We want to help.",172855,239288,239287,,
@AppleSupport Yani diyorumki the top notification screen sometimes disappears after iOS 11.1 update canım 😕,@503582 We offer support via Twitter in English. Contact us for help in your preferred language here: https://t.co/IBIY3vMgPj,503582,1648405,1648404,,
@AppleSupport do you know why my 1st generation iPad mini is so useless? It’s very slow and connects with a lot of difficulty to the internet. even the recovery does not remedy to the problem,@754868 We offer support via Twitter in English. Contact us for help in your preferred language here: https://t.co/IBIY3vMgPj,754868,2683869,2683868,,
@AppleSupport Still having trouble 🙁,"@569881 Thank you for taking the time to reach out to us about your daughter's iPhone. We want to help. Let's start by taking a look at the suggestions here: https://t.co/4Kux8rhhGX Let us know if she's still having trouble, and we'll take a closer look.",569881,1913181,1913180,,
@AppleSupport WiFi &amp; 4G,"@231163 Is this happening with videos recorded by your iPhone as well, or only when you are watching videos using apps such as YouTube, Twitter, etc.? Are you connecting to cellular data or Wi-Fi when noticing this behavior? Also, does restarting help at all?",231163,488007,488006,,
"@AppleSupport No, it does not have any damage. I used a backup but I'm planning to restore my phone as new",@766815 Does the device have any physical or liquid damage to it? When resetting the device did you use a backup or restore your phone as new?,766815,2736397,2736398,,
@AppleSupport 11.0.3 on my iPhone. Several apps have stopped working since the update. A message says to let the developer know.,@659600 We'd be happy to look into the issues you're experiencing. Which device and software version are you using?,659600,2266079,2266080,,
@AppleSupport Thank you - have messaged. Leaving my original post as this seems to be a widespread issue for anyone in existing device+new iOS.,@718902 We want your device to run efficiently. We're here to assist. Please meet us in DM and we'll work towards a resolution together. https://t.co/GDrqU22YpT,718902,2524581,2524580,,
@AppleSupport The information has already been sent to you in correspondence. Iphone 5s. And all except ip6s,@423106 We'd like to see if we can assist. Meet us in DM with what model of iPhone you have and we will proceed from there. https://t.co/GDrqU22YpT,423106,1890749,1890748,,
@AppleSupport Same as on IOS 11.0.3,@284454 Thanks! How about charging after that update?,284454,1925506,1925505,,
@AppleSupport Whatever it came with new from Best Buy,"@782410 Thanks for those details. Let's continue with troubleshooting your iPhone freezing. Does this happen randomly when using any app, or is it only with a specific app or feature?

Do you recall the iOS version you had prior to updating to iOS 11.0?",782410,2805174,2805169,,
@AppleSupport Under phone it says audio at 14% all rest are under 10%,@235818 We want you to get the most out of your battery that is possible. What apps are using the most power per Settings &gt; Battery? https://t.co/GDrqU22YpT,235818,1767337,1767336,,
@AppleSupport No I don’t see my pictures.,"@__ssunnii__ We're happy to help. Are your photos present when you log in and cloc pictures on the iCloud website here: https://t.co/tmRhWEkIq4

Let us know and we'll go from there.",399313,2944520,2944519,,
@AppleSupport Backed up all files on iCloud before erasing all content for a software issue and the issue is gone but my files haven’t came back from the backup :/,"@731058 Fill us in on what happened with your storage/files, as well as the device this occurred on, then we'll help out however we can.",731058,2578659,2578658,,
@AppleSupport Yes but it isn’t charged at all.... still ok to charge and use it?,@317438 The Mac may not always come fully charged. Check out this link for great info on Mac batteries: https://t.co/IS1pJIaZuf,317438,829125,829124,,
@AppleSupport damn this is good customer service ngl,@632202 Here’s what you can do to work around the issue until it’s fixed in a future software update: https://t.co/xXaXeeSRt9,632202,2151192,2151191,,
@AppleSupport Nope i just update the ios just as it shows rest i dont play with settings much.,"@727580 Got it. Next, can you tell us if you have made any recent changes to the settings on your device that might have brought about this behavior that you are experiencing?",727580,2564181,2564180,,
"@AppleSupport Yes, we restarted the phones. And that does very often since the last update. We had never had this problem under IOS 10.x.","@216746 If this is happening with your iPhone, we'd like to take a closer look. Does this happen with every call? Have you restarted?",216746,427849,427847,,
"@AppleSupport @176839 Come on Apple, don’t look surprised, there are posts on forum ALL OVER THE INTERNET, you know about this, don’t act stupid.","@176839 When you're updating, are you connected to Wi-Fi or using cellular data?",269713,255790,255788,,
@AppleSupport Is there nothing else you can do to fix the problem? I can’t even get pre approval? Am I best just getting a Samsung ?,@391769 Our Sales Support team is in the best position to assist and can be contacted from here: https://t.co/8yjRd1Xo0i,391769,1155278,1155279,,
@AppleSupport Thank you. I will find out on Monday and I will also keep you posted regards the result. Thank you.,"@739955 If the issue persists after getting a new device, it may be due to software issues within the user data. If that happens let us know and we can help troubleshoot the issue.",739955,2618359,2618358,,
@AppleSupport After update...time set to 24h format but clock is on 12h format.,@462123 A newer version is out. Please create a backup before updating: https://t.co/soeXTHWFdK Let us know if you have any issues.,462123,1473778,1473777,,
"@AppleSupport It's an iPhone 6... and no joke, I can watch the % drop within minutes of it coming off the charge 😕",@325631 We can help. What iPhone model are you using there? When do you notice the battery draining the most?,325631,865944,865943,,
"@AppleSupport Hi! It's super slow, it's buggy, podcaster crashes and also really messy UI now, etc, it just doesn't work as expected anymore. Frustrating!","@392112 If you are having issues with your iPhone, we'd love to help out. Could you give us some detail as to what is going on?",392112,1156754,1156753,,
@AppleSupport My phone says I’m not connected to internet and cannot verify install when I️ clearly am connected and have no issues on WiFi otherwise. #buggyAF,"@663910 iOS 11.1.1 was recently released and it includes a fix for autocorrect issues. Be sure to back up your device prior to updating, and let us know if the issue persists afterwards. How to back up: https://t.co/4f8hwT5to6",663910,2284639,2284640,,
@AppleSupport @241274 Same as my problem I sent you about! This is horrible!,"@241274 Thank you for reaching out about your iPhone unexpectedly restarting. Let's look at this together more in DM. Let us know which apps this occurs with, or if it seems to happen intermittently: https://t.co/GDrqU2kzhr",241282,524497,524490,,
"@AppleSupport Original charger, USB port plug type thing, I tried changing chargers but it doesn’t help","@271134 Got it! Is the iPhone connected to the original charger when the behavior happens? And are you using a USB port, or the AC line adapter, as a power source? This will help us isolate the issue a bit more.",271134,637399,637398,,
@AppleSupport Can you do it in a playlist as well?,"@174816 Let's help. If you go into Library &gt; Songs and tap on Sort in the top right-hand corner, an option for Title should appear.",174816,247551,247550,,
@AppleSupport iPhone 7 and iOS 11.0.3,@345243 This is certainly not the behavior we want you to experience. Could you tell us which iPhone and iOS 11 version you're using?,345243,949708,949707,,
@AppleSupport Your phone in call log iOS doesn’t Show the message log like sent and received .,@308070 We'd like to continue with you via DM. Send us a DM and let us know which device you're using: https://t.co/GDrqU2kzhr,308070,848292,848286,,
@AppleSupport The same version of macOS Sierra as the one that doesn’t read it,@379727 Thank you. What OS is your other computer running? The one that reads the drive correctly.,379727,1100838,1100837,,
"@AppleSupport Y’all know your shitty update autocorrects for the letter “I”, right?","With iPhone X, getting to the Home screen is as simple as swiping up from the bottom. Check it out.

Learn more: https://t.co/Gev9UeAZa1 https://t.co/8wiOQYuf5d",531265,1703911,1703855,,
@AppleSupport No it just stops at the end,"@725342 Okay, so it is set to Sequential Order but when you play something it doesn't play the following podcast afterwords, it jumps right to the most recent one?",725342,2554017,2554016,,
@AppleSupport I bought it through t-mobile. The associate said I should have it in 2 weeks. This was 09/25/17. Order says won't ship until 10/30/17. 😡,@302579 We are here to help. Let's reach out to our Online Sales team for help with this.  https://t.co/8yjRd1Xo0i,302579,763967,763966,,
@AppleSupport BRB charging my phone.,"@177324 Battery life is important, and we'd like to team up with you on this. To get started, send us a DM. https://t.co/GDrqU22YpT",177324,257780,257779,,
@AppleSupport Have DMd,@217833 Let's take a closer look together. Here's a link to DM us. https://t.co/GDrqU22YpT,217833,432372,432371,,
@AppleSupport Can I get a new screen?,"@546830 We definitely want to take a look into some options for you. Let’s move over to DM, and we’ll get started there. https://t.co/GDrqU22YpT",546830,1821487,1821486,,
@AppleSupport Hi thank you for getting back to me. It's the latest IOS has been updated. Yes the phone has restarted but is still doing the same,@344054 We'd like to look into this. Which iOS version are you using? Have you had a chance to restart your Phone since this began?,344054,944919,944918,,
@AppleSupport I’m using iOS 11.0.3,"@325996 We’re available to work through this together. To get started, which iOS 11 version are you using? The latest is 11.0.3.",325996,867523,867522,,
"@AppleSupport Do you really think Apple users are so dumb ?
Was this even supposed to be a troubleshooting step ?",@455651 Thanks! Let's try to have you adjust the brightness and see if that helps. DM us the results: https://t.co/6kLYOEY7Fr https://t.co/GDrqU2kzhr,455651,1446489,1446488,,
@AppleSupport Yep done all that eventually I reset the watch completely and set up as a new device and it’s working again. Thanks anyway,"@131476 Hey, we'd be happy to take a look to see what's going on. First, can you tell us the watchOS and iOS versions currently installed? Also, have you restarted both devices to see if that helps?",131476,484561,484560,,
@AppleSupport They finally showed up - thanks.  Although I think my shipping dates slipped a bit from when I had placed he reservations...,@436060 We want to help.  Have you checked your Junk mail folders to see if it arrived there?,436060,1355427,1355426,,
@AppleSupport Just messaged you with details.,@225559 We'd love to take a look!  Can you tell us what happens when you try to add a third party to calls?  Do you receive an error?,225559,1586035,1586034,,
@AppleSupport This and iPhone 7 Plus https://t.co/d7ln1WIyM9,"@509269 Hi! We'd love to get some additional details about where you're seeing boxes. Also, what type of device are we working with?",509269,1673613,1673612,,
"@AppleSupport Painfully slow. Everything takes 10-30 seconds to accomplish (whereas before it was 2-3; seamless). Examples: swiping to open camera from lock screen? 20 seconds before camera is ready. Opening Gmail? 15 seconds for it to load? Doesn't sound like a lot, but drastically slower.","@234815 We expect iOS 11 to work flawlessly on devices it's installed on. If you're having trouble since the update, we can work with you to get your iPhone working like you expect it too. So we can offer relevant steps, can you describe what's going on with your iPhone?",234815,501495,501494,,
@AppleSupport both,"@424257 Okay, thanks. Is this happening on Wi-Fi or cellular?",424257,1301903,1301902,,
"@AppleSupport Yes it’s unresponsive only when it has the screen protector. I’ve tried to restart, turn off &amp; on again, changing some settings &amp; nothing helped. This began as soon as I updated my Apple Watch",@573842 We'd like to see how we can help. Does this behavior persist if you restart your Apple Watch? Is the display completely unresponsive with the screen protector in place?,573842,2280266,2280267,,
@AppleSupport The new update is terrible. Left the house at 90% battery life in 20 minutes I went down to 20%. Wtf Apple?,"Introducing the new Control Center in iOS 11. Now customizable.
Learn more https://t.co/fCNsZCyS3P https://t.co/WiFGzhh3AZ",296841,6766,6658,,
@AppleSupport Have sent in,"@572881 Either option works great, though we may need to move to DM eventually. https://t.co/GDrqU22YpT",572881,1924653,1924652,,
@AppleSupport Yes. I have. No updates available.,@482427 We'd like to help. Since updating have you checked the App Store for updates for those apps? Let us know and we'll continue.,482427,1561687,1561686,,
@AppleSupport @155700 @115858 @115858 sen bi dur arap zaten ortalık karışık herkes iphone x bedava istiyor,@155700 We offer support via Twitter in English. Contact us for help in your preferred language here: https://t.co/IBIY3vMgPj,155707,170392,170389,,
@AppleSupport specifically wanting to get the XCode IO tools: https://t.co/r0zoErptkh but that doesn't work for me,@646909 We'd like to help. Which device are you using? Does this seem to persist after rebooting?,646909,2213591,2213589,,
@AppleSupport And there is that obnoxious spelling auto correct,@631881 Thanks! How long does the battery last from a full charge?,631881,2149994,2149993,,
@AppleSupport Getting the same complaints from others with this version of iOS with newer versions of the iphone too,@407578 We surely want to help. Which device is this happening on &amp; what version of iOS is currently installed?,407578,1225842,1225841,,
"@AppleSupport No. Haha, I said when the screen is dim. I’ll be talking on the phone and within’ like 10 seconds the screen fades and I have to keep","@199885 Are you referring to auto-brightness? If so, check out the guidance here for how to change this: https://t.co/QGzyuyr5Ra",199885,773533,773532,,
"@AppleSupport iPhone 6 doesn't hold the hardware capability of running the new ios software, it'll just slow it down further which isn't surprising. By your logic, ""you'll need to update the ios.After that, still slow? Ah should upgrade your device"".No thanks Mr.steal yo money.","@707811 We can help out with Siri, but we will need to upate to the latest version of the iOS.  It will help us isolate the issue further.",707811,2476101,2476100,,
@AppleSupport Nah you’re alright. I don’t need fobbed off with some bullshit. Invest some money in a fucking battery #joke,@733472 Let's take a look at it together. Please join us in DM to get started. https://t.co/GDrqU22YpT,733472,2589205,2589204,,
"@AppleSupport Yes, but I’ve been having issues with my messages not sending so attempted to disable then re-enable",@400212 Did you have iMessage enable previously?,400212,1192221,1192223,,
@AppleSupport iPhone 7s plus. iOS 11.0.3. Whenever I turn my WiFi’s off I have no LTE or anything,@386791 We'd like to look into this with you. What kind of iPhone do you have? What is your current iOS version?,386791,1132182,1132181,,
@AppleSupport The SIM card was brand new given to us when we got the device.,"@157889 Was the same SIM card used in the 6S as in the previous device? If so and you take the SIM out and put it back in the old device, does that work?",157889,177830,177829,,
@AppleSupport I’m thinking that maybe getting stuff that isn’t @115858? 😬,@125534 We'll be glad to assist you with these issues. Please send us a DM and we'll investigate this together. https://t.co/GDrqU22YpT,125534,904705,904704,,
@AppleSupport I'll try restarting the iphone. I already checked the wifi,@398085 Does this continue to happen after restarting the device? Are you connected via Wi-Fi or cellular data?,398085,1182518,1182517,,
@AppleSupport I️ just updated to iOS 11.1 and I️ am still seeing boxes. My phone is also now slower and lagging from the update.,@388143 Let's work together to get this resolved. Which version of iOS do you have currently installed on your device?,388143,1138399,1138401,,
"@AppleSupport I’m not really seeking help, i just want you to know how miserable #ios11 is, #batteryproblem cannot be solved I guess, my file cannot be restored as well, so there is really no way to make my Saturday great again, thanks for nothing",@196315 Thanks for reaching out. We'd like some additional details to help. DM us and we'll continue. https://t.co/GDrqU22YpT,196315,336667,336665,,
"@AppleSupport @419642 we are happy to help, just send a tweet to us.","@419642 Absolutely! Also, please keep in mind that apps greater than 100MB will require a Wi-Fi connection. https://t.co/KIxV84OZUm",607803,2055098,2055097,,
@AppleSupport 125 GB.,"@455267 When you hover over system, does it show how much it's currently taking up?",455267,2349443,2349442,,
"@AppleSupport Okay thank you. I’ll try that. Also my phone has been getting uncomfortably warm, but it happens pretty randomly, suggestions?","@517279 We want to help you. Restart your iPhone as our article explains, and DM us if this still happens: https://t.co/OWRDHWSt4h https://t.co/GDrqU22YpT",517279,1706876,1706874,,
@AppleSupport A cloud pointing down,"@820330 That is never what we want to hear. Let’s work together to find out what’s happening. When you open the app store, what do you see for the apps? Do you see the “Get” button, a cloud pointing down, or a square with a circle around it?",820330,2974442,2974444,,
@AppleSupport As you can see in my reply.,@623235 Thanks for reaching out to us here for help. Can you please let us know what issue you're experiencing and on which device?,623235,2113786,2113785,,
@AppleSupport Restart and the speaker works again,"@210680 Hey, let's take a look to see what's going on. Does the issue persist after a restart? If so, send us a DM. We'll continue there.",210680,400384,400383,,
"@AppleSupport @AppleSupport - is it typical for your IPhone 7 to have battery and other issues? Shutting down randomly, won’t turn back on until you plug it into a charger, random glitches, phone just doesn’t seem reliable, did I get a lemon?","Turkey, football, family, and pumpkin pie. 

For all your Thanksgiving needs, just ask Siri. https://t.co/2CPleQ2ZJU",802855,146764,146741,,
@AppleSupport still doesn’t work,@117878 Here’s what you can do to work around the issue until it’s fixed in a future software update: https://t.co/xXaXeeSRt9,117878,2127285,2127284,,
@AppleSupport || My keyboard keeps turning i into Like a question mark thing and i wanna turn my auto correct back on lol,@476334 We’re here for you. How can we be of assistance?,476334,1536243,1536242,,
@AppleSupport Do those settings get synced to iCloud? I set up as new iPhone X. Each time I do I also get my kb shortcuts so something is syncing fr iClou,@483411 Hey there! Let's try resetting the keyboard. Go to Settings &gt; General &gt; Reset &gt; Reset Keyboard Dictionary. Let us know if this helps!,483411,2369462,2369461,,
@AppleSupport In the new app it's also more difficult to delete episodes. It's easy to make the mistake of deleting the show rather than a single episode,@160241 Thanks for reaching out to us. Can you please clarify the technical issue that you are having? That way we can better assist you.,160241,188504,188505,,
"@AppleSupport I only see this screen, no forget this network https://t.co/DGnO4sadlQ","@134431 Since the issue is occurring with one network, let’s try forgetting that network, and reestablishing the connection. This can be done by going to Settings &gt; Wi-Fi. From there tap the blue “i” with the circle, and tap “Forget This Network”.",134431,2890716,2890715,,
"@AppleSupport I’m on iOS 11.1.2. I’ll contact them as well, thank you ☺️","@459903 We're glad you reached out to us, and we'll do all we can to help. Which iOS version is running on your device? Tap on Settings &gt; General &gt; About to find out. Keep in mind, this question may be better suited for the curator of the website.",459903,2805185,2805184,,
@AppleSupport iPhone 6 iOS 11.0.2!!!,@172304 That's not the experience we want you to have. Which iPhone and iOS version are you currently using?,172304,236400,236399,,
"@AppleSupport I haven't seen pixel response this noticeably laggy with motion blur since old desktop LCD displays before even iPhones existed. So this is seriously holding me back in buying an iPhone X, since it's awesome in every other way.",@474337 We'd like to see what you're experiencing. Are you able to capture the blur with a screen recording? https://t.co/iOka2N34Y3,474337,1527675,1527673,,
@AppleSupport i️ just did it and it’s still doing it...,@368982 Here’s what you can do to work around the issue until it’s fixed in a future software update: https://t.co/xXaXeeSRt9,368982,1679272,1679270,,
"@AppleSupport How do I tell you about so many issues? My phone has become super slow, heats majorly, apps crash and phone freezes or turns off randomly","@572766 We'd like to assist in any way we can. Let's meet in DM, we will gather some information and work from there. https://t.co/GDrqU22YpT",572766,1924248,1924247,,
@AppleSupport Desktop!,@303125 The site is still working normally. Let's take a look together and figure out what is occurring. Which device is this on?,303125,766241,766240,,
"@AppleSupport Thank you that would be great. I found this bug about a month ago and I took a accidental photo, went to go delete it, I couldn’t and I have to go to my photos to delete a picture every time.",@142163 Our Photos team can help look into this with you. You can reach out to them here to get this sorted out:  https://t.co/IBIY3vMgPj,142163,118014,118015,,
"@AppleSupport 11.1.2 version and whenever I search an artist and select a song to play, a screen pops up saying I’m already a registered member for Apple Music. Won’t let me play anything other than what’s in my library OR I have to select and album and shuffle.","@814889 We'd love to look into this with you!  We definitely want you to be able to enjoy your music.  To start, can you tell us what happens when you try to listen to music? Also, what iOS version are you currently on?",814889,2950958,2950955,,
"@AppleSupport Since I update the software, the screen freezes all the time completely at random",@327185 We're here to help you. Is this occurring completely at random or does it happen more when using specific applications?,327185,872698,872697,,
@AppleSupport Just wish I could skip a song from my slide up tool bar on iOS 11,@466660 Hey there. We're here to help. Which iPhone model do you have? Let us know in DM. https://t.co/GDrqU22YpT,466660,1492798,1492797,,
@AppleSupport Twitter can’t hold its place on where I left off on my timeline. And the YouTube/ twitter loading symbol is sideways,@438295 We're here to help find the best solution. What appears to be going on?,438295,2327794,2327793,,
@AppleSupport Online apple store,"@815845 We're here to help! Did you order these as a replacement, or did you order a new pair from the Apple Online Store?",815845,2955455,2955456,,
@AppleSupport Verizon’s.,"@409000 Thanks for reaching out.  To clarify, are you wanting to use Apple's Upgrade programd or Verizon's?",409000,1232230,1232229,,
@AppleSupport Try again later. This is the whole day through,"@673606 We'll be glad to help you. Since we offer Twitter support in English, can you translate what the message says when you try to share the photo?",673606,2952388,2952387,,
@AppleSupport My Apple Music doesn’t function any longer. It freezes. My programs shut down now. Everything just sucks. I️ should have never updated.,@494696 We're here to help with any software issues you may have. Can you provide us with more details?,494696,1757706,1757705,,
@AppleSupport Still not working :(,"@170957 As a temporary workaround, try these steps: 
- Tap Settings &gt; General &gt; Keyboard &gt; Text Replacement
 - Then tap the + sign. 
- For the phrase, type “I.T” (uppercase I.T) 
- For shortcut, type “i” (lowercase it)",170957,2953761,2953760,,
@AppleSupport iPhone 7 and yes,@168203 Let's look together at why it's vibrating after the update. Which model do you have and does it have iOS 11.0.2 installed?,168203,218921,218920,,
@AppleSupport 11.0.2. Haven’t seen them since 11.0.,@213388 We're happy to help. Can you tell us exactly which version of iOS 11 you are currently using please?,213388,412354,412353,,
"@AppleSupport It’s not hooking up to the handsfree bluetooth in my car. I checked your online apple support forum, and it seems to be a common issue. It connects to my old 7 just fine, and it is up to date. Only my 8 has the problem.",@238524 Can you provide us with some more details on what's going on with the Bluetooth? We'll be more than happy to work with you.,238524,514735,514734,,
@AppleSupport All is resolved and had to call myself to make it work.  FYI Apple Support live chat isnt Deaf friendly.,@223556 That’s not the experience we’d like you to have. Please let us know all the details you can in a Direct Message so we can get to the bottom of this as soon as possible! https://t.co/GDrqU22YpT,223556,457217,457216,,
"@AppleSupport I’m logged in on Apple Music but when I click on a song it takes me to the plan payment page, but when I select one it says I’m registered",@415458 Let's sort this out together. Have you checked to confirm you're logged into Apple Music on your device?,415458,1261229,1261230,,
@AppleSupport I️ believe I.t is 11.0.3 (15A432) https://t.co/0l0a7qE3dm,"@814275 We're here for you. Let's go to Settings &gt; General &gt; About, and provide us with the current software version. We'll take it from there.",814275,2948331,2948330,,
@AppleSupport I just updated to iOS 11.1.1 and my calculator is still broken. If I do 1+2+3 it equals 23. It's been doing this since I upgraded to iOS 11.,@653664 We're here to help and would like to look into this issue with you. Are you on iOS 11.1.1?,653664,2242068,2242067,,
@AppleSupport Switching to Samsung and Android OS and throwing this piece of schitt Apple Watch in the bin. No more money from me on principle!,@582035 We certainly don't like hearing that you are having issues with your Apple Watch. Let's explore if we have any options via DM. https://t.co/GDrqU22YpT,582035,1962966,1962964,,
"@AppleSupport It works for like 10 seconds, freezes, then i hard reset it. When it reboots it either gets stuck on Apple logo for few minutes and then boot up, or the cycle goes on. This has happened to me two weeks ago, I lost info as I recovered the phone, and it's back at it now.",@806050 We'd love to get your iPhone working as expected again. Is the device unexpectedly restarting while doing anything or using any app in particular? What do you do to restore functionality when this happens or does it automatically boot back up?,806050,2911784,2911783,,
@AppleSupport I will thank you,@465455 You'll want to reach out to our Apple TV experts via the link we shared with you.,465455,1487404,1487403,,
@AppleSupport Hi. I have 10.13.1. It didn’t have another update available,@699464 Thanks for reaching out. Have you installed the latest updates for macOS High Sierra? Make sure you have a backup before making any changes. Here's how: https://t.co/Mw8OK9APy7,699464,2438599,2438598,,
"@AppleSupport No, all apps are up to date, my phone is really slow, keyboard is driving me nuts, freezes and it is slow, among other things.",@387219 We'd like to see how we can help.  Do you have any available updates for apps in the App Store?,387219,1134084,1134083,,
"@AppleSupport Yes, until I went to an Apple Store and they gave me a replacement 😤
Sort out your software issues already!!! 😡",@159407 Is this issue continuing with your iPhone?  Were you able to complete the restore?  Please let us know.  We'd love to help out.,159407,184421,184420,,
@AppleSupport IPhone SE,@299173 We'd like to help. What iOS version are you currently on? This article may help with Auto-Brightness: https://t.co/bkqEVCrK2l,299173,749556,749555,,
"@AppleSupport @666679 Great question, dont even think of updating ios11. Your device will behave like a piece of crap","@666679 Great question. We're here to help you. Check out this link and scroll down to where it says 'iOS 11 is compatible with these devices.': https://t.co/LVMJqqcDhs
This includes some generations of the iPad Mini. DM us any other questions: https://t.co/GDrqU22YpT",128499,2296194,2296193,,
@AppleSupport Already spent 3 hrs at an apple store. My phone really wasn't happy with 11.0.3 They replaced it. 😘 Thank you for the reply!,@438796 We'd be happy to look into what's going on. Which iPhone and iOS version are you using?,438796,1369589,1369588,,
@AppleSupport I need my Apple TV remote to stop controlling my iTunes on my MacBook I’ve set the MacBook to disable that setting but it’s not working,@299281 We're to help. Can give us some more details about what is happening?,299281,1266497,1266495,,
"@AppleSupport ok well that didn’t work so could y’all just like,...... fix it?",@490363 We'd recommend trying the steps here: https://t.co/xU1AGHStV6,490363,1596095,1596094,,
"@AppleSupport @159983 So where you at, @159983?",@377805 Let’s get you pointed in the right direction. Our @159983 team will take it from here.,377805,1092492,1092491,,
@AppleSupport Nothing happens after,"@201221 So we can be sure we understand, when you open Music it's showing this screen with the membership alert. What happens after?",201221,1338842,1338841,,
@AppleSupport iPad Air 2 (MGKL2LL/A) on iOS 11.1.2 (15N202). Random occurrence; hasn’t recurred since reboot.,@150956 We're here to help. Can you let us know which device you're using and the exact version of the iOS you're running? You can find this information by tapping Settings &gt; General &gt; About.,150956,152836,152835,,
@AppleSupport Yeah so I did that &amp; I️t worked for less than a few hours now it’s back 🙄,@510689 Here’s what you can do to work around the issue until it’s fixed in a future software update: https://t.co/xXaXeeSRt9,510689,1679206,1679205,,
@AppleSupport Hi! The last update 11.0.3 fix the problem.,"@447180 Hi there, just to make sure we're on the same page. Are you experiencing an issue with the response of the touch screen?",447180,1407598,1407597,,
@AppleSupport Also what’s the purpose of being able to record in 4k 60 fps if imovie videos won’t save in 60 fps format and won’t upload to YT from phone in that format,@127013 We're here to help. Can you tell us what happens when you try to upload your video? Any errors or specific behavior?,127013,889036,889035,,
@AppleSupport It’s is unresponsive,@387230 We want to help with your iPhone 7. What's going on since updating? Provide us details to get started.,387230,1134127,1134126,,
@AppleSupport Cool. Would be equally cool if the update came out soon. Lol.,@603693 Here’s what you can do as a work around until it’s fixed in a future software update: https://t.co/xXaXeeSRt9 DM us questions. https://t.co/GDrqU22YpT,603693,2041687,2041686,,
@AppleSupport The iPhone 8+,@682649 That's not how we expect your speakers to behave and we'd like to know more about the trouble you're having. Could you let us know what device you have?,682649,2364435,2364434,,
@AppleSupport Less than half an hour on the phone. I'll have to observe and report back to see if it continues. Thanks.,@157618 How long are they lasting for you with playback? DM us and we'll research this further. https://t.co/GDrqU22YpT,157618,1753278,1753277,,
@AppleSupport 11.0.3 15A432,"@327464 Can you let us know what version of iOS you’re using? To check, go to Settings &gt; General &gt; About.",327464,873874,873875,,
"@AppleSupport i've already called apple support, thanks. but a day later, i had problems with the battery. Already reset smc and it's okay now.",@393680 We want you to have a good experience with any product you purchase. Where exactly is the vibrating sound coming from?,393680,1163442,1163441,,
@AppleSupport btw I've tried you advice in that link about 100 times.  Now my 2017 macbook can't even see it when plugged in.,"@434930 We've got you covered. Please check out this article:
https://t.co/8MvHMFZ83h",434930,1350603,1350600,,
@AppleSupport @316512 IPhone 5s,@316512 We'd like to help. What kind of device do you have and are you updated to iOS11.0.3? You can check in Settings &gt; General &gt; About,316513,825113,825112,,
@AppleSupport @440341 Why do you keep telling people that’s not the experience you want them to have but you don’t change anything?,@440341 That's not the experience we want you have with iOS 11. Follow us to DM and we'll get started. https://t.co/GDrqU22YpT,415480,1376097,1376096,,
@AppleSupport Just text messages. Also why won’t it let me type the letter 👁,@481186 Hello. That's not the experience we want you to have. Which application were you typing in?,481186,1556342,1556341,,
@AppleSupport 11.1.1 - no just set up a brand new iPhone X and restored it from my old iPhone,@299962 We're happy to assist. Which iOS version are you currently running? Go to Settings &gt; General &gt; About for the version.  Have you recently purchased anything from iTunes or the App Store?,299962,2356586,2356585,,
@AppleSupport Go home and it lags my phone freezes,"@302979 That's not what we'd like to hear, and want to help stop this from happening. Tell us more about what you're experiencing.",302979,1146715,1146717,,
@AppleSupport It's an iPhone 7. Tons of iCloud storage for messages,@168554 Got it. What was happening before this occurred on the device?,168554,915194,915193,,
@AppleSupport @209482  https://t.co/ts6HnvYpBQ,@209482 Let's us help today. See this link for information on Bluetooth &amp; Wi-Fi in Control Center: https://t.co/G7BHuQnDS6,176782,394570,394568,,
@AppleSupport I’ve paid enough so I demand answers. 🤬🤬,@645446 Thanks! Directions are currently not a feature of iOS Maps in your region. You can submit feedback on that here: https://t.co/eTPVYVFyd8,645446,2207678,2207676,,
@AppleSupport Sure of course!,@454907 We’d be glad to help get to the bottom of this. Can you start by letting us know more via DM? https://t.co/GDrqU22YpT,454907,1443396,1443395,,
@AppleSupport Not sure how that is going to fix my phone saying it’s charging when it isn’t....,@572843 Here’s what you can do to work around the issue until it’s fixed in a future software update: https://t.co/qODbOsp4wz,572843,1924502,1924501,,
@AppleSupport This new update might be good for the new iPhones but not for 6.,"@515188 DM us, and we can help you get your iPhone lasting as long as possible. https://t.co/GDrqU22YpT",515188,1698600,1698599,,
@AppleSupport I don’t think so. I’m confident I don’t.,@315080 We can help with this. Do you share an Apple ID with anyone else?,315080,818915,818914,,
@AppleSupport @70508 @70509,@531270 Here’s what you can do to work around the issue until it’s fixed in a future software update: https://t.co/xXaXeeSRt9,531270,1766687,1766686,,
@AppleSupport @342987 even the battery ends fast 😕,@342987 We want to help. Which iPhone model do you own?,342988,940634,940632,,
@AppleSupport @324388 🖕🏽🖕🏽🖕🏽🖕🏽🖕🏽🖕🏽🖕🏽🖕🏽🖕🏽🖕🏽🖕🏽🖕🏽🖕🏽🖕🏽🖕🏽🖕🏽🖕🏽🖕🏽🖕🏽🖕🏽🖕🏽🖕🏽🖕🏽🖕🏽🖕🏽🖕🏽🖕🏽🖕🏽,@324388 Great question. This article will show you how to customize playback settings in the Podcast app: https://t.co/gQVExEKnrj,324389,860778,860777,,
@AppleSupport iPhone SE version 11.1.2,@754101 Thanks for reaching out. DM which iPhone and specific iOS version you are using to get started. https://t.co/GDrqU22YpT,754101,2680292,2680291,,
@AppleSupport Got it!  Thank you!! 🤓😜🙌🏻👍🏻,@300392 We're here for you. Is auto-brightness enabled? Here's where to check: https://t.co/bkqEVCrK2l,300392,754636,754635,,
"@AppleSupport The real test was today, back at work, and it was a fail.  Podcast app shut down about 1 minute in.... just like before the update.",@336275 We're glad to hear that. Let us know if you have any other questions we can help with. We're here for you.,336275,910562,910561,,
@AppleSupport Updated today to 10.13.1 Desktop is using 10.12.2.,"@684406 Thanks for reaching out. May we ask when you updated the MacBook Air? Also, which macOS/OS X version is your other Mac using?",684406,2372164,2372168,,
"@AppleSupport I can’t see people’s texts who don’t own Apple products. Like, the watch shows when they text me but I can’t open the message app to read it","@315979 We're here and happy to help. To start, can you tell us what's happening with your Apple Watch?",315979,822734,822731,,
"@AppleSupport Yes, my current software is 11.0.2. This back button stickiness has basically started after ios 11. Also the deep linking b/n apps. Thanks.","@187681 We've recently released iOS 11.0.2. Be sure to update, and let us know if your still having issues with the back button.",187681,300645,300644,,
"@AppleSupport But that's exactly the point. ""will begin rolling out early next week"" could have and should have been made more clear in the update announcement.","@258614 If you're in the US, those features will require iOS 11.2 and will begin rolling out early next week. This link has a bit more information: https://t.co/DtZT7rYVIs",258614,586950,586949,,
@AppleSupport I did that and I️t still doesn’t work,@630136 Here’s what you can do to work around the issue until it’s fixed in a future software update: https://t.co/xXaXeeSRt9,630136,2143274,2143273,,
@AppleSupport Tk U over lapping windows freezing during texting into apps not loading parts each having its on set of problems common factor to all IOS11!,@432744 We'd be happy to look into what's going on with your apps. Can you tell us more about what's happening?,432744,1340848,1340847,,
@AppleSupport I can’t control music on my iPhone via my Apple watch anymore. It used to show what was currently playing. I could use Siri to play music.,@393632 We'd like to know more about what's occurring on your iPhone. Send us a DM with the link below and we'll continue. https://t.co/GDrqU22YpT,393632,1163221,1163220,,
@AppleSupport Ok thank you 😁,"@229544 We'd be happy to clarify. iOS 10.3.3 is the latest version for the iPhone 5. iOS 11 requirements are for iPhone 5s or later: https://t.co/LVMJqqcDhs If you have additional questions about updating, send us a DM. https://t.co/GDrqU22YpT",229544,481867,481866,,
@AppleSupport @449093 Issue seems common,@449093 We'd like to look more into this. Reach us via DM to continue and gather more information. https://t.co/GDrqU2kzhr,449094,1416059,1416058,,
@AppleSupport Hi. Update all done and update in the car sorted and still no joy! Really frustrating,@156479 Got it. Let us know if the issue persists after updating to iOS 11.1.2. We'll gladly continue working together to find a solution.,156479,172994,172995,,
"@AppleSupport Yeah, I did that. However, the map was not edited to reflect my (correct) feedback. How do I make sure the map does get changed?",@775345 We appreciate you reaching out to us. Are you reporting an issue with the Maps application through the app itself? Check out this resource for steps: https://t.co/f70hKpGWvI,775345,2774315,2774314,,
@AppleSupport I have the iPhone 7 Plus and it is iOS 11.0.3,"@343068 Hey, we can look into this together. Which device are you using and what's the iOS device?",343068,940967,940966,,
@AppleSupport And every time i get in my car the Bluetooth turns on by itself and when i go home or work my WiFi will turn on and try to connect,"@527122 We can certainly help out with this! To clarify, are you turning these off via the control center, or the Settings application?",527122,2366168,2366167,,
@AppleSupport  https://t.co/jkV5HiKITx,@449452 Hi there. Can you please tell us more about what you're experiencing? We want to help. DM us and we'll continue. https://t.co/GDrqU22YpT,449452,1974700,1974699,,
"@AppleSupport I just click on them with Apple mouse or Wacom tablet stylus, no issues using those.",@528100 Aside from clicking Command and the Tab keys together can you provide us the other ways you're trying to switch through apps?,528100,1753167,1753166,,
@AppleSupport It’s iOS 11.1,"@368703 We certainly want to do all we can to resolve this issue. To help get us started through troubleshooting, may we have the current iOS version shown in Settings &gt; General &gt; About?",368703,2309270,2309269,,
"@AppleSupport Yes I am, I updated this morning and then when I opened the app it told me I needed to choose a plan.",@293263 That’s not what we want to hear. Can you start by confirming if you are an Apple Music member?,293263,723557,723556,,
@AppleSupport This was easier than typing out that answer 😬 https://t.co/XxzxhsUxck,@411815 Thanks for that information. Does it appear the same when you're logged in and go to System Preferences &gt; Users &amp; Groups?,411815,1243855,1243854,,
@AppleSupport I DM’d you.,@420019 We're here to help. DM us what iOS 11 version you're on and we'll help. https://t.co/GDrqU22YpT,420019,1282433,1282432,,
@AppleSupport Ok it’s updated to ios 11.2 and it’s messy and buggy af we do not stan,"@726017 This is definitely not the experience we hope you to have, and we’d love to do everything we can to assist. To begin, which apps are slow to respond? Let’s also double check the iOS version. Is it fully updated to 11.1.1 in Settings &gt; General &gt; About?",726017,2557248,2557247,,
@AppleSupport Apple correcting the iOS update sounds like a better idea.,@358962 Here’s what you can do to work around the issue until it’s fixed in a future software update: https://t.co/xXaXeeSRt9,358962,1736095,1736094,,
@AppleSupport Got it figured out. Thanks!,@287896 Hi. We'd like to help. Are you getting any errors when you enter your Apple ID password? Let us know in DM. https://t.co/GDrqU2kzhr,287896,702907,702908,,
@AppleSupport Ios11 &amp; I have both,"@187286 Let's look into this together. Can you confirm your iOS version? Also, do you have a screen protector or case on the phone?",187286,299071,299070,,
@AppleSupport 7 plus running 11.0.2,"@558966 That's certainly not expected behavior, and we'd like to help. What's the exact iOS version on your device? https://t.co/ZTw54HL4Rm",558966,1871779,1871780,,
"@AppleSupport IOS 11.1. my keyboard is messing up, my apps close out, my battery dies 2 times a day, my phone lags. what is going on?","@509400 We'll help you. Can you tell us exactly what's going on? Also, what's the specific iOS version installed on the iPhone?",509400,1674145,1674143,,
@AppleSupport It finally showed up about 30 to 60 minutes later.,@286892 We'd be happy to look into what's going on with that award. Which device are you currently seeing this on?,286892,699574,699573,,
@AppleSupport Seems just to be that post,"@656942 We're here to help! To clarify for our end of this, are you seeing this just in the posts by other people, or when you're typing?",656942,2255510,2255508,,
"@AppleSupport Absolutely everything. Unsupported official Apple products failing, phone overheating and crashing, just a whole host of issues.","@497761 We'd like to help any way we can, but we'll need more details about what's happening to start. What's the exact issue you're having?",497761,1625384,1625383,,
@AppleSupport Send a dm already,@400569 We know how important your battery performance is in your iPhone. Send us a DM and tell us which iOS version it’s running. https://t.co/GDrqU22YpT,400569,1194053,1194054,,
@AppleSupport Restarting it helped! Should’ve thought of that lol. Thanks!,@695775 We want to help. Restart your iPhone and see if that helps. Test the headphones and receiver speakers as well and make sure the volume is turned on and the Silent Switch is not active. DM us which country you're in the issue continues. https://t.co/GDrqU22YpT,695775,2422486,2422487,,
@AppleSupport It’s the only WiFi I connect to so I can’t really answer that,"@149725 Hey there. Let's figure out what's happening with that connection. Does the issue happen with one particular Wi-Fi connection, or others as well?",149725,148233,148232,,
@AppleSupport It says “downloading” then it goes back to the cloud.,"@197355 Thanks for letting us know. If you tap on the cloud, what happens when it tries to download?",197355,1097772,1097771,,
@AppleSupport @249899 Would've been smart to include that delayed expectation on the update page where it's being promised to everyone. #hindsite2020,"@249899 For customers in the US who are excited about Apple Pay Person to Person Payments and Apple Pay Cash, those features require iOS 11.2 and will begin rolling out early next week",249900,556086,556085,,
@AppleSupport The “A and ? In a box” issue..,@500183 We can help! What issue were you having trouble with today?,500183,1635161,1635160,,
@AppleSupport it's saying that activation is unsuccessful :////,@135051 We're here for you. Tell us what's happening with iMessage. We'll do everything that we can to getting this sorted for you.,135051,87043,87042,,
@AppleSupport Just checked n there’s an update for emojis. All good thanks,@800818 Let's see what's going on. Which version of iOS are you running? Find that in Settings &gt; General &gt; About.,800818,2887984,2887983,,
"@AppleSupport It appears, but I have to download it all manually to play it offline which is a very slow process as it crashes sometimes","@169775 After resetting your iPhone, does your music library reappear or do you manually re-create it?",169775,225101,225100,,
@AppleSupport the animoji of iphone x will be compatible to use on iphone 8? thx.. 📱,@681951 We would be glad to answer your questions. How can we help? Let us know in DM. https://t.co/GDrqU22YpT,681951,2361696,2361695,,
@AppleSupport Yes... from the Photos app... or screenshots.,@474867 We'd love to help. Are you attempting to send the photo from the Photos app?,474867,1530048,1530047,,
@AppleSupport 🅱️et,"@700480 iOS 11.1.1 was recently released and it includes a fix for autocorrect issues. Be sure to back up your device prior to updating, and let us know if the issue persists afterwards.",700480,2442726,2442725,,
"@AppleSupport Yes, it shows exactly the same. https://t.co/46iLDHEeOv",@230648 Got it. Let's verify the iCloud storage on your Mac and in iCloud. Does it reflect the same in System Preferences &gt; iCloud and online in a browser here: https://t.co/MdGttk34mz Sign in and select Settings to view iCloud storage.,230648,486126,486125,,
@AppleSupport I think the update fixed it!,@304390 Which iOS version is your device currently running? We want to make sure that you're running the latest version.,304390,771973,771972,,
"@AppleSupport of course. 2x power button (off-on) » same issue. home button, unlock phone » normal (portrait) mode. itt happened only one times, cannot repeating. 
… so a have bigger problem… my iphone very, very lazy, and slow. but only the original apple apps..",@149321 Thanks for that info. Could you tell us what you were doing when this happened? Did you exit an app in landscape mode?,149321,146776,146775,,
@AppleSupport Apple EarPods,@210318 We'd like to look into this with you. What kind of headphones are you using?,210318,398828,398829,,
@AppleSupport No I can't get it to turn on. When i turn it on and type in my password I can't get past this screen and the little bar thing isn't moving it's frozen,@814877 We want to help out. Have you tried booting into safe mode? https://t.co/PQ4LSYhUTY,814877,2950897,2950896,,
"@AppleSupport Currently I’m on 11.1.1 and the update and deleted everything from GarageBand and other Apple apps. And 90% of other non Apple apps are un-responsive. As you can see in the pic, there’s 2.8GB of data on the app still. I’m afraid if I update to 11.1.2 it will delete the 2.8GB https://t.co/NNLrIALp0Z",@757155 We want to help. Have you updated to the latest iOS version?,757155,2693967,2693966,,
"@AppleSupport Are you kidding me! I Have restarted it 10 times, solve your problem and give me something helpful","@297651 Has the device been restarted since it happened? If not, let's do that using these steps: https://t.co/OWRDHWSt4h",297651,742996,742995,,
@AppleSupport I thought maybe using video in Instagram or Snapchat or any other app would be the thing causing settings to change so I checked and it wasn’t that,"@222712 Thanks for letting us know, when did you first start to notice this? We’ll want to look into the details of the iOS software on the iPhone. Please confirm the iOS version number by going to Settings &gt; General &gt; About.",222712,453887,453885,,
"@AppleSupport the update has to do with the iPhone x. My Apple Music has been working just fine now all of a sudden I have to go into the app to change the song, pause it, anything...","@669487 We recommend creating backup of your data, and update your iOS to iOS 11.1.2. This article has the details: https://t.co/80YRnjDFDk",669487,2802441,2802440,,
@AppleSupport Never mind I figured it out. Thanks though,"@312579 You should be able to. So we can get the right steps for you, let's pair up in DM to get started. https://t.co/GDrqU22YpT",312579,808228,808227,,
@AppleSupport Yeah I am. Not sure what I was on before it was iOS 10 of some sort.,@152254 We'd like to help you get back to enjoying your music. Are you on iOS 11.1.2? What iOS version were you on prior?,152254,157789,157788,,
@AppleSupport iPhone 7 currently running iOS 11.0.3 !!! I really loved having the ability to control Spotify from my lock screen,@397957 Thanks for reaching out. Which iPhone model do you have and what iOS version are you currently running?,397957,1181950,1181951,,
@AppleSupport Then... Hi! I’ll be visiting Chicago soon. If I buy an iPhone X (Verizon version total pay)... can I use it in Spain? or do I need a contract with Verizon? Any other possibility to buy it there and bring it back? Thanks,@793675 We offer support via Twitter in English. Get help in Spanish here: https://t.co/IBIY3vMgPj or join https://t.co/OczyRx7IOs,793675,2855310,2855309,,
@AppleSupport The only option I see when I click the share icon is -Print.,@654845 You're in the right place; we'll do all we can to help. You can share PDFs between your iOS devices with AirDrop. See how to do that here: https://t.co/VVUI2JIcyd,654845,2247046,2247045,,
@AppleSupport It was showing black screen with spinning wheel. Would then go on to lock screen. Ive turned notifications off... seems to have sorted it!,"@246742 We want to help. Can you tell us more about the issue you're experiencing? When you say your iPhone is crashing do you mean it's restarting or powering off unexepectedly, or freezing and becoming unresponsive? Or something else?",246742,545254,545253,,
@AppleSupport @136031 Julien-UH,@136031 We have a few recommendations for you. Can you reach out to us in DM? https://t.co/GDrqU22YpT,369838,1094309,1094306,,
@AppleSupport I’m in Canada.,"@268755 Thanks for giving those tips a shot. Send us a DM with the country you're currently located in, and we'll continue from there. https://t.co/GDrqU22YpT",268755,628035,628036,,
@AppleSupport Yes it’s my partners. Facebook and WhatsApp calls don’t go to watch but she gets a missed call notification,@222794 Thanks for reaching out. Are your notifications set correctly? Check out this article here: https://t.co/vXqj8bZGU7,222794,1006114,1006112,,
@AppleSupport @30179...,"@277331 Great question! The iPhone 7 and iPhone 7 Plus are splash, water, and dust resistant. Splash, water, and dust resistance are not permanent conditions and resistance might decrease as a result of normal wear. For more info on this, look here: https://t.co/7BYhy7G38U",277331,660489,660488,,
"@AppleSupport While transferring files, my Mac doesn’t show up in AirDrop. I wasted almost 2 hrs dealing with the issue. There were 2 instances when my Mac showed up but disappeared again when I tried to use it the second time. Not sure what can be done to fix the issue.",@265336 Thanks for reaching out to us. What trouble are you experiencing with the AirDrop feature?,265336,611269,611268,,
@AppleSupport Hi. Since the update my phones gone a bit mad. Can I ask how the tuner can be increased without going into sounds ?,"Introducing the new Control Center in iOS 11. Now customizable.
Learn more https://t.co/fCNsZCyS3P https://t.co/WiFGzhh3AZ",190349,6769,6658,,
"@AppleSupport No I don’t want to go and re download 1000 songs one by one - I just want to auto download the ones which I’ve already added or faved in my library, through Apple Music","@232102 When viewing music you want to download, you should see a ""+"" next to the song or album to download. Learn more here: https://t.co/p0ADuTStXR

If you don't have this option let us know in a DM and we'll help with this. https://t.co/GDrqU22YpT",232102,491486,491485,,
@AppleSupport I strongly miss the clearing of notifications from locked screen in iOS11. Any procedure to do this?,"Do more from Control Center with 3D Touch. Press firmly on a control to bring up more commands.

Find out more https://t.co/mdWWdDOf2s https://t.co/aVrZZb2Bxg",207757,366087,366059,,
"@AppleSupport No DM is needed, the iOS 11 is garbage and makes these batteries worse than the ones that come in the TV remote from the manufacturer.",@637996 Thanks for reaching out to us. We are always happy to help. Send us a DM so we can look into this together. https://t.co/GDrqU22YpT,637996,2176434,2176433,,
@AppleSupport My Macbook Air trackpad is not working properly. Need help! Sorry if any mistake using Google translate!,"@324674 Since our Twitter support is available in English, get help at https://t.co/IBIY3vMgPj or join https://t.co/pvaOFfPbjt",324674,861950,861949,,
"@AppleSupport Why a DM?? what are u hiding! tell me,this is disgraceful,instead of fixing the issue u want to have private chat??@115858 @AppleSupport",@777049 Thanks for including that screenshot! We know the importance of getting that fixed quickly. Send us a DM to continue. https://t.co/GDrqU22YpT,777049,2782596,2782595,,
"@AppleSupport Once 2nd call connected, tapped green bar at top... nothing. Click home and tap green bar, took me back to contact screen.  Had 2nd call hang up on me bc I couldn’t hang up. 1st call was still on hold and no way for me to switch back or hang up. Had to reboot. (2/2)",@796906 We certainly want you to be able to use your phone while you are on it. We're here to help. What app were you trying to access? Does restarting the device help? Let us know in DM. https://t.co/GDrqU22YpT,796906,2869715,2869714,,
"@AppleSupport I need a mail to contact URGENT to contact you, I feel cheated and I feel that anybody listen to me",@376190 Thanks. Please reach out to our Online Sales Support here: https://t.co/8yjRd1Xo0i,376190,1261256,1261255,,
@AppleSupport The newest one.  I have an iPhone 7 Plus.  WiFi/lte &amp; it’s still like that.  You’ve had so many complains about it,@386789 We certainly want you to be able to enjoy your Maps app. Let's work to get this resolved. Which version of iOS is installed?,386789,1132175,1132174,,
@AppleSupport Your last actualization system sucks! totally disfunctional! Now apple is like any other system... 🙄,@539169 We offer support via Twitter in English. Get help in Spanish here: https://t.co/IBIY3vMgPj or join https://t.co/OczyRx7IOs,539169,1794197,1794196,,
@AppleSupport @820409  https://t.co/AVysO5IBZO,"@820409 We'd love to help with each of these issues. Please DM us and let us know more about what you're experiencing since the update in detail, including which version of iOS you're using, and any steps you may have tried since updating. https://t.co/GDrqU22YpT",287512,2974747,2974746,,
@AppleSupport I don’t know of any steps. That’s why I asked y’all,@330989 We understand the importance of battery life. DM us any details of steps you have tried and we'll work together there. https://t.co/GDrqU22YpT,330989,1015756,1015755,,
@AppleSupport iphone 5s and version 11.1.2,"@277911 We'd like to see how we can help over Twitter. Which model do you have and what's the current iOS version installed on it?

Any steps tried so far?",277911,662806,662805,,
@AppleSupport The Apple logo comes up but then it turns back off..and iTunes recognizes it but after a couple of minutes the phone turns off again,@387695 Are you seeing any symbols on the phone? Try connecting it to a computer and open iTunes. Does iTunes recognize the iPhone?,387695,1136320,1136318,,
"@AppleSupport Neither. When I say, “hey Siri turn on Bluetooth”",@446430 Let's work on this Bluetooth issue. Does this happen when you try to turn on Bluetooth from the Control center or Settings?,446430,1404074,1404073,,
@AppleSupport Sent a DM 👍🏻,"@276444 Let's look into this together. Send us a DM with more information, and we'll go from there. https://t.co/GDrqU22YpT",276444,657238,657237,,
@AppleSupport I'm referring to the airpods lol,@626364 We'll be happy to find out. Which wireless headphones are you referring to?,626364,2127355,2127354,,
@AppleSupport It seems to lower very quickly with minimal use...,"@218646 We'd be happy to look into this with you. To get started, what's going with your battery?",218646,436446,436447,,
@AppleSupport Was doing it through wifi and laptop https://t.co/CTt4rIiHJL,"@210412 When you try to update, are you getting a error message? Have you tried a different Wi-Fi?",210412,399340,399341,,
@AppleSupport Solid tip apple lol helped out me and like 10 other people,@525658 Here’s what you can do to work around the issue until it’s fixed in a future software update: https://t.co/xXaXeeSRt9,525658,1742594,1742593,,
@AppleSupport iPhone 7 and iPhone 6 with ios version 11.1.1,"@206007 Let's look into this together. To start, can you let us know which device and version of iOS 11 you're experiencing these issues with?",206007,2303492,2303491,,
@AppleSupport Thanks so much but I think it’s not suitable for my case. I’m trying to know if I could use an iCloud email alias as my Apple ID (1 of 2),@128115 Thanks for reaching out to us. Try the steps in this article for your Apple ID change: https://t.co/xuZEqdPMFW,128115,53593,53591,,
"@AppleSupport Wow, thank you Apple!  That’s why I️ love y’all, actually helpful 😭💞","@187869 iOS 11.1.1 was recently released and it includes a fix for autocorrect issues. Be sure to back up your device prior to updating, and let us know if the issue persists afterwards. How to back up: https://t.co/4f8hwT5to6",187869,2321965,2321964,,
@AppleSupport Well this isn’t a good feature.It should be shutting off completely like in iOS 10😐,@431548 This is normal behavior with iOS 11. See https://t.co/G7BHuQnDS6 for details on how those functions work in Control Center.,431548,1335507,1335506,,
@AppleSupport Future software update?! There should of been one by now smh shouldn’t have to go extra shit,@529851 Here’s what you can do to work around the issue until it’s fixed in a future software update: https://t.co/xXaXeeSRt9,529851,1760462,1760460,,
@AppleSupport It happens when I reply to a message from the preview. It only happens when I’m in an app.,@692575 Does it only happen when you receive a message? Does it matter if it's an SMS or iMessage? Restart your iPhone and let us know if that has any impact on the issue.,692575,2408530,2408529,,
@AppleSupport I tried that before tweeting for help but did it again and it worked this time. Thanks!,@417951 Delete the album from your phone and attempt to download the entire album again.,417951,2947161,2947160,,
@AppleSupport Why can't you just tell me how to find my settings?,@471738 We'd like to gather some more information for better troubleshooting. Can you DM us the country you're located in? https://t.co/GDrqU22YpT,471738,1799821,1799820,,
@AppleSupport I just tried again and it said that there’s a problem with my payment @125607 want to send a phone for me to review on my channel?,"@394318 That’s a great question. The iOS update is free. Here’s a link that will show you how to complete that: https://t.co/80YRnjDFDk

For the apps, the charge will depend on the app developer. If there is a charge, you will be prompted to approve the charge.",394318,2282229,2282228,,
@AppleSupport Messenger last updated 2 days ago. May be that update that has been buggy.,@328228 Let's check for updates to your installed apps in the App Store.,328228,877132,877131,,
@AppleSupport Currently I have 11.0.1,@596850 Thanks. What version of iOS is currently running on your iPhone? You can check in Settings &gt; General &gt; About.,596850,2315959,2315958,,
"@AppleSupport iOS 11.0.3 is horrible on iPhone 6 Plus !! Touch most of the time unresponsive, all extremely slow - worst yet Apple!","📌 Don't forget. 

Back up your iPhone before you update to #iOS11.
https://t.co/QJzaCEizze",223942,2333338,2333339,,
@AppleSupport Tried it. Doesn’t help! Battery still dies in around 4-5 even when it’s idling,"@757613 Thank you for reaching out.  Please back up and update to our latest iOS, 11.1.2, and let us know if the issue persists. These steps here will walk you through the process: https://t.co/80YRnjDFDk",757613,2696058,2696057,,
"@AppleSupport @684185 My wife has been having the same issue for the past hour and a half. She cannot login to iCloud from the website, or from any of her devices (which are all up to date). Looks like many others are having this issue too:
https://t.co/cPj1MTur4J","@684185 Thanks for those details. Do you have any other devices signed into iCloud currently? If so, are they throwing up a server error when attempting to connect to your iCloud mail?",548079,2371096,2371094,,
@AppleSupport It's only the twitter app that has kept crashing since the new iPhone came out,@179986 Let's help. Check out the steps shown here: https://t.co/fUZ0NRJxcn but keep us posted.,179986,297992,297991,,
@AppleSupport 11.0.2. I know there’s an 11.0.3 Out but it won’t let me update yet,"@302805 We want to help. What is the exact iOS version you're using? Since updating, have you had a chance to restart?",302805,764852,764851,,
"@AppleSupport Iphone 7. Not only that, I can’t hear any of my phone calls either. And I just completed the latest update last night",@334937 That's certainly unusual! Let's see why your podcasts are going so fast. What device is this occurring on?,334937,905379,905381,,
@AppleSupport 11.1 currently,@625845 We can look into this issue together. Which iOS version is your device currently running?,625845,2125134,2125133,,
"@AppleSupport No, it’s not fixed it has been happening all weekend.",@509552 We're glad to hear things are working smoothly now. Feel free to reach back out if you encounter this issue again or need assistance in the future.,509552,2752710,2752709,,
@AppleSupport The Volume up and down worked thank you,"@230277 Hey, let's get your iPhone back up and running smoothly. Is it currently still unresponsive? If so, are you able to restart it as described here?: https://t.co/OWRDHWSt4h",230277,484445,484444,,
"@AppleSupport @AppleSupport  Hi, I have already ready this article.  Please can you point me in the right direction?",@486855 That's a great question! Here's a great article to get you started: https://t.co/CFVJudTPHI,486855,1581478,1581477,,
@AppleSupport Horrible lag.  Freezes.  Touch screen wont work.  Also on home screen flashing phone numbers or recent calls.  Overall perf is really bad.,@163308 We want to help. Being able to use your Message app is certainly important. What happens when you try to use the message app?,163308,200496,200495,,
@AppleSupport @159983 Two Premium Resellers with the same position: Apple does not covers it! What a shame!,@347356 Let’s get you pointed in the right direction. Our @159983 team will take it from here.,347356,958208,958207,,
@AppleSupport I’m hesitant to install an update seeing as the last one made my device very unfriendly. I’d rather have a rollback link,@282222 Got it. We've released iOS 11.0.3 and recommend installing that update via these steps: https://t.co/80YRnjDFDk,282222,679919,679918,,
@AppleSupport Is text replacement really the only option?,@487412 We can assist you. Let's try these steps for help with what you're seeing: https://t.co/gKAEL4wRnw,487412,1583814,1583813,,
"@AppleSupport I was going to do a complete reset of my phone, the 7plus. I went to back it up on iCloud &amp; it says it was done but once it restarted, it said I had no backup so I had to start the iPhone as a new iPhone. Is there anyway to restore it? I did back it up but it says I didn’t.",@691097 We'll do our best to help in any way we can. Can you tell us a bit more about what's happened?,691097,2402120,2402119,,
@AppleSupport yes but i don’t get why it said my phone was dead when it was charging perfectly fine the afternoon before,@297222 We want to help get your day started on the right foot. Is your iPhone charging normally now?,297222,741014,741013,,
@AppleSupport Ok thanks - yes I have that - I hadn’t opened it but I’ll follow along and get back to you.,"@139271 Our pleasure. Since the issues began are there any steps you've attempted or have you ran a hardware test? If not, we recommend doing so now. Keep us posted on the results. https://t.co/yIWR4sw2u7",139271,105369,105368,,
"@AppleSupport I don't have a Time Machine backup, I'm making one now before everything is gone.","@277035 Thanks for that information. Do you recall if you had previously backed up your Mac's data to an external hard drive using Time Machine? If so, let us know what happens if you attempt to mount your hard drive in Disk Utility using these steps: https://t.co/1aL0tsef7A",277035,659488,659487,,
"@AppleSupport found an interesting bug: saved a website as pdf to read later, sent it to iBooks. Whenever I try to open such pdf it reboots",@405237 That's not the experience we like to hear about. Send us over a DM with your exact iOS version and we'll go from there. https://t.co/GDrqU22YpT,405237,1215581,1215580,,
@AppleSupport I have already had one call from Apple Support and the agent was extremely rude and raising her voice over the phone etc I rather not go through that again seems she forgot she’s talking to a frustrated customer whose brand new $2200 laptop isn’t working,@672814 We'd like to look into this further.  Can you send us DM and let us know where your MacBook was purchased?  We'll go from there. https://t.co/GDrqU22YpT,672814,2362998,2362996,,
@AppleSupport Do you know why a screen recording video in iOS 11 would upload to YouTube video without sound?  when mic recording was on?,"Keep the fun going. And going. And going. 
Try out the Loop effect in Live Photos in iOS 11.

Learn more https://t.co/vX4vUYI4xS https://t.co/XJ3zckcqQh",474969,1120553,1120543,,
@AppleSupport @477011 When someone apps me than i get a Some soort of zoem noise after mij normaal sound is this becouse the iOS 11.1 update????,"@477011 We recently released iOS 11.1. Let's try updating after backing up with our steps here: https://t.co/6p9Tcj51N4
DM your results https://t.co/GDrqU22YpT",477012,1538845,1538844,,
@AppleSupport Thanks? I guess it’s a temporary fix,@502699 Here’s what you can do to work around the issue until it’s fixed in a future software update: https://t.co/uQeXsrrlXJ,502699,1645086,1645085,,
@AppleSupport I think i I fixed it. One app was on refresh loop in the background. I uninstalled/reinstalled it. Battery seems fine now!!,"@180882 Hey, we can take a closer look into the battery life. Send us a DM and we'll work together from there. https://t.co/GDrqU22YpT",180882,271877,271876,,
@AppleSupport But I have enough availabe storage space and full wi-fi network. Also already tried to remove and download the ios again,@728452 Got it. Let's try all the suggestions here to see if that works: https://t.co/Ui1yTnOCUz,728452,2568139,2568138,,
@AppleSupport Nothing is fixing it! 😭😭😭,@433148 No worries. Let us know if you use these tips or have these settings set for your iPhone 6s: https://t.co/bivpdfBNJ6,433148,1342698,1342697,,
@AppleSupport This how my phone is behaving after IOS11. Freezes frequently. https://t.co/gRO5ia4o8k,@539473 We want you to be able to enjoy the new update. We can help. Send us a DM and we can look into this with you. https://t.co/GDrqU22YpT,539473,1795305,1795304,,
@AppleSupport @84602,@625607 Here’s what you can do to work around the issue until it’s fixed in a future software update: https://t.co/xXaXeeSRt9,625607,2123856,2123855,,
@AppleSupport Just updated to the latest ios 11.1.2. Will use it for sometime and let you know how this works. Thanks!,@791141 We want your iPhone to be working smoothly. Let's work on this together to see how we can help. The first step will be to update to the newest iOS. Our newest update can help with issues you mentioned. Let us know how things go after you complete that.,791141,2843878,2843879,,
@AppleSupport It’s been occurring for about a week and I just updated my to IOS 11 today to try to fix it and tried resetting my settings but nothing worked,"@136073 Hi. Getting your notifications is very important and we'll do everything can to help. To start, how long has this been occurring? Have their been any recent changes to your device?",136073,92710,92709,,
@AppleSupport It also shows up on my initial passcode entry screen after I hit the first digit of my code,@577408 Thanks for that screenshot. Is there anything you're able to do to get the overlay off the screen?,577408,1941662,1941663,,
@AppleSupport @432271 Even worse. About every 10 seconds i lose 1%,@432271 We'd like to get to the bottom of what's happening. Please reach out to us in DM and we'll get started. https://t.co/GDrqU22YpT,432272,1338784,1338783,,
@AppleSupport @AppleSupport still having issues. I took it to an iShop and it won’t restore either,"@134161 We’ll want to be sure to follow the steps listed here for restore error 9: https://t.co/lMMVPdjGNN 

Let us know if you’re still having issues after completing the steps.",134161,82057,82056,,
"@AppleSupport It’s mostly with the apps I use daily such as: Youtube, Whatsapp, Snapchat, Twitter, Facebook, Netflix and Sky Sports.",@409335 We want to help. Do you notice your iPhone freezing with any particular apps? Which iOS 11 version is installed?,409335,1233609,1233607,,
"@AppleSupport It just hangs anywhere, touch or home button will not respond for a while &amp; then everything will get closed &amp; I will be back @ home screen",@280654 We're here to help. Can you explain what you mean by crashing? Is this happening with specific apps? Let us know in DM. https://t.co/GDrqU22YpT,280654,673570,673571,,
@AppleSupport This doesn’t solve the issue when viewing other people’s messages. It fixes it on your phone but when you send a msg it’s still there,@467949 Thanks for reaching out. We have a workaround for this here: https://t.co/xXaXeeSRt9 DM us if you still need help. https://t.co/GDrqU22YpT,467949,2014832,2014831,,
@AppleSupport Thanks for your respone this is the current version am running. Everytime am on an app ie social media it will freeze and I will b unable to do anything without closing and reopening the app. It isnt an app issue as it is the same for my homescreen too at times! Plz help! 🙏 thxs https://t.co/jS3YZFNg2h,"@777941 We want to help. Which version of iOS are you currently running? Also, when you say your device is crashing, what happens? Any details will be helpful.

Find the software version on your iPhone: https://t.co/f7raDZ2TiK",777941,2786452,2786451,,
@AppleSupport i have an iphone 7 that i just recently bought and i have the most recent version downloaded. https://t.co/XYh1D0U1TB,@596118 We want to help! What model of iOS device are you using? Do you have the most recent version of iOS 11.1 downloaded? https://t.co/GDrqU22YpT,596118,2015887,2015886,,
"@AppleSupport @AppleSupport Great! Why dont you pay 💰 to people to test your overpriced stuff? If the 🔋 is ⭕️ and you plug in, you should be able to work.",@485392 Great question and we'd like to help any way we can over Twitter. Please provide us more details in DM here: https://t.co/GDrqU22YpT,485392,1575132,1575133,,
@AppleSupport But I only have one device with me,@157888 We want to be sure that you can access your iCloud account. You can add an additional trusted device to your account in order to receive the verification code. Check this out: https://t.co/gZlEJEsNrU,157888,177823,177824,,
"@AppleSupport Nothing tried sliding it up, down, true tone thing and no response. It was fine before i went to bed then it did the update.",@362057 We'd be happy to look into this with you. Can you tell us what happens when you do try to change the brightness?,362057,1022919,1022918,,
@AppleSupport the newest one,@708174 We’re here to help. Please DM us the software version you’re using so we can better assist you. https://t.co/GDrqU22YpT,708174,2477656,2477655,,
@AppleSupport Since i update to iOS 11.1 the battery runs out very fast On my iPhone 6 before that i havent any problem,@662658 We offer support via Twitter in English. Get help in Spanish here: https://t.co/IBIY3vMgPj or join https://t.co/OczyRx7IOs,662658,2279215,2279214,,
@AppleSupport MacBook. Tried two browsers and two computers. Same error message.,@684213 We'd like to help! Which device are you trying to access iCloud from?,684213,2371240,2371239,,
@AppleSupport It happened today and what iOS I actually don’t recall and what I tried is restarting it by pressing the volume up and down buttons and the power button and it didn’t work I also plugged it to my laptop and it didn’t work either.,@765156 We'd like to help. When did this start happening? What iOS version are you using? What have you tried so far to resolve this?,765156,2729027,2729026,,
@AppleSupport @67805,@511078 Here’s what you can do to work around the issue until it’s fixed in a future software update: https://t.co/xXaXeeSRt9,511078,1680832,1680831,,
@AppleSupport So what about the random freezing of the phone? Phone freezes up and gets stuck for about 20 seconds before I can do anything,@518828 Here’s what you can do to work around the issue until it’s fixed in a future software update: https://t.co/qODbOsp4wz,518828,1712953,1712952,,
@AppleSupport It worked—storage issue. Thanks!,@349333 This article on over-the-air updates may help: https://t.co/Ui1yTnOCUz,349333,966330,966329,,
@AppleSupport I tired doing that hosts thing but nothing happened I don’t understand why it’s not working I did it before and now it’s not working,"@372239 OK. We’ve got an article for this error: https://t.co/YP1YMbkfRk
After trying those steps, let us know if you still need help.",372239,1068893,1068892,,
"@AppleSupport Thanks for the follow up. Was trying to make the point that the fact that Bluetooth, alarm, and DND status icons are not visible in upper right (where we have LTE, WiFi, &amp; battery) is problematic in daily use, and could use improvement.","@706161 We’d love to take a closer look into this. To clarify, did the Phone app not show the badge app icon indicating missed calls?",706161,2750464,2750463,,
@AppleSupport These programs are a part of the Mac OS High Sierra and thus should be updated currently.  Plus I just upgraded to MacOS 10.13.1 on Mac Mini,"@452872 Thanks so much for letting us know. To narrow this down a bit more, can you let us know if you have any available app updates?",452872,1433667,1433665,,
@AppleSupport when i type the letter “I” it automatically corrects it to i️. and when i type “it” it autocorrects it to “i.t”,@356546 Could you please describe what is going on with your keyboard. Please use as much detail as possible. Feel free to DM. https://t.co/GDrqU22YpT,356546,999004,999005,,
"@AppleSupport Yes I did.  Only missing notifications for text/iMessage, sometimes.  I get maybe half of the notifications. Started when I got the 8 https://t.co/lxCQOGNwwW",@297766 We're here for you. Did you restore the iPhone 8 from a backup of the iPhone 7? Missing notifications for one app or all apps?,297766,743472,743476,,
"@AppleSupport Hi, it’s solved. I think because there is pending payment on my credit card so I can’t change my card detail. Thanks",@416550 We'd be happy to look into this with you more in detail.  Reach out to us via DM and we'll get started. https://t.co/GDrqU22YpT,416550,1266538,1266537,,
@AppleSupport But it’s intermittent,@174552 Thanks for reaching out to us about your iPhone. Can you tell us which exact version of iOS you're running currently?,174552,246509,246507,,
"@AppleSupport Ipn 6s. iOS11. Wifi works. 

I have to activate cellular to hit play, without wifi. Podcasts should play back buffered ctnt without inet！",@321967 Let’s investigate this together. Which device and OS are you using? Have you been able to test Wi-Fi?,321967,849994,849993,,
"@AppleSupport Hello, Cleaned up the memory, but it did not help",@768332 Does that amount change when you clear the history and website data in Safari? DM us your response here: https://t.co/GDrqU22YpT,768332,2743038,2743037,,
@AppleSupport When I plugged my phone into iTunes this evening a software update popped up. But no OTA update available,@472156 We'd like to explore this further with you. Send us a DM and we'll continue from there. https://t.co/GDrqU22YpT,472156,1517867,1517866,,
@AppleSupport Yep! But why does it disappear is the question? 🤔,@133186 Thanks for reaching out. Does restarting bring your date and time back?,133186,1064906,1064905,,
@AppleSupport I have iOS 11.1.1 and it started happening yesterday.,"@718865 You've come to the right place. May we ask when you started to notice this? Also, which iOS version are you on?",718865,2524423,2524422,,
@AppleSupport @663870 🚮👎,@663870 We'd like to look into this with you. Send us a DM by clicking on the link below. We'll continue there. https://t.co/GDrqU22YpT,663871,2284497,2284496,,
@AppleSupport  https://t.co/Q0gKBDwZx7,@358483 We'd like to help. Go ahead and DM us some more details about what is going on and we can work together.,358483,1208435,1208434,,
@AppleSupport How about u just get the phone to me. Stuck in China for 8 days. Expidited fast shipping my ass,"Face ID. Animoji. Wireless charging. Become an expert on all-things iPhone X with these helpful articles.
https://t.co/JChd1AwZUM",727068,92824,92818,,
@AppleSupport see i️ can’t type i️,@461414 We're here to help. Tell us what issue you're having with your device. We can work together on this.,461414,1470861,1470860,,
@AppleSupport I have iOS 11.0.3,@200271 We'd like to work with you. May we ask which version of iOS 11 you're currently using to get started?,200271,354546,354545,,
@AppleSupport Noooo y’all need to fix this NOW!,@514521 Here’s what you can do to work around the issue until it’s fixed in a future software update: https://t.co/xXaXeeSRt9,514521,1695969,1695968,,
"@AppleSupport Still having the issue so replying to this thread albeit late. It doesn’t add music to my library when I’ve asked it too, it keeps freezing and won’t let me click anything and when I close my app it just opens back up to the glitch?? Sick of it now. It’s ridiculous.","@260690 We want you to be able to use your Apple Music, and we'd like to help with the issue you're experiencing. Could you share a few details with us about what's going on? Also, which software version are you using on your device?",260690,594005,594004,,
@AppleSupport That there are these communications errors.,@553398 Understood. Does your Watch have an active cellular plan through your carrier?,553398,1847926,1847927,,
@AppleSupport @134114 @453719 Seriously Apple! I believe most of your users know how to perform battery saving tricks! Sort out this iOS!,"@453719 We want you to enjoy the update. We'll help with the battery life. First, try the suggestions here:: https://t.co/bivpdfBNJ6",453720,1437565,1437564,,
"@AppleSupport The same, Bluetooth is not working",@204181  We want your device working as expected. What's the behavior when you uninstall the app?,204181,372211,372212,,
"@AppleSupport Yea I've sent you a DM, so many problems with Apple this year.",@580060 We'd like to help with any iCloud issues you're experiencing. Please DM us all about it &amp; any steps you've tried so far to proceed. https://t.co/GDrqU22YpT,580060,1954029,1954028,,
"@AppleSupport Majority of my apps won't open past the loading page or crash if they do, letters won't always appear when I type, it won't connect to wifi",@558423 Please tell us more about what you're experiencing. We want to help.,558423,1869646,1869645,,
@AppleSupport Finally got it on- thanks a ton!!,@214563 We're linking an article to help with that. DM us if it doesn't fix the issue: https://t.co/NcqGtFlQUF https://t.co/GDrqU2kzhr,214563,417287,417286,,
@AppleSupport Mac Studio KL on 30 Oct 2017,@448424 Let's check it out. Where and when was the device purchased?,448424,1413220,1413219,,
@AppleSupport Hi @AppleSupport I googled the problem and turns out do not disturb function had been activated somehow unbeknown to me.  Thank you for help,@124312 We'd like to help you! Are you experiencing sound issues with any apps besides the Phone app?,124312,38250,38249,,
@AppleSupport Is there a limit on that?,@162331 We're here for you. Your Mac will store your Time Machine backups even if you're not creating them regularly.,162331,854600,854599,,
@AppleSupport Won’t even charge now. I keep getting “this accessory may not be supported” and I’m pretty sure I’m using a charger bought on your site,@297538 Thanks for the info. Let's get you updated to 11.0.3 and see if the issue persists. Instructions here: https://t.co/80YRnjDFDk,297538,742519,742517,,
@AppleSupport We tried everything reset network and all settings factory restore phone etc nothing it started last night at 830pm with iMessage not working I thought it was an outage until I saw under messages it wouldn’t activate it was fine until last night. Phone is only 6 weeks old too,"@595536 We want to make sure we've done all we can to get iMessage activated and working. In order to do so, we need some information from you. 
To start, what version of the iOS do you currently have installed on your device? You can find this in Settings &gt; General &gt; About. https://t.co/GDrqU22YpT",595536,2286457,2286456,,
@AppleSupport 11.0.3 - all up-to-date.,@585110 Let's work together on a solution. What iOS version shows in Settings &gt; General &gt; About?,585110,1975813,1975814,,
@AppleSupport Thank you @AppleSupport but I never need support before to simply run my iPhone 6s. Since I switched to iOS11 it’s at least one freeze a day,@312385 We offer support via Twitter in English. Contact us for help in your preferred language here: https://t.co/IBIY3vMgPj,312385,807367,807365,,
@AppleSupport iPhone 7SPlus,@554474 We'd like some details to assist. Which iPhone model are you having issues on? Let us know in a DM and we'll continue. https://t.co/GDrqU22YpT,554474,1852840,1852838,,
@AppleSupport The most up to date. 11.1.2,@632402 That is certainly not the experience we want you to have. Which version of iOS 11 is currently running on your phone?,632402,2510954,2510953,,
@AppleSupport IOS 11.1 and yes,@628681 Help is here! What iOS version is currently installed on your device? Do you use iCloud Photo Library?,628681,2137233,2137232,,
@AppleSupport This started when I upgraded to iOS 11. Current version iOS 11.0.3 iPhone 6s.,@432301 We want to help you enjoy the Music app again. When did this issue start? Any recent changes to the device?,432301,1338884,1338883,,
@AppleSupport I downloaded the update when it launched and yes I did download the latest update as well😔,@318091 We want to help! How long has this been going on? Do you have the most recent version of iOS 11.0.2 downloaded? https://t.co/GDrqU22YpT,318091,831755,831756,,
